num,com1-20,coma-l,comP1-P8,result1,result2,result3,average,,,,,,,,,,,
1,1,a,P1,680 ,920,840,813.33 ,,,,,,,,,,,
2,1,a,P2,1080 ,790,1150,1006.67 ,,,,,,,,,,,
3,1,a,P3,1200 ,1570,1870,1546.67 ,,,,,,,,,,,
4,1,a,P4,3500 ,3670,3920,3696.67 ,,,,,,,,,,,
5,1,a,P5,8970 ,9620,10050,9546.67 ,,,,,,,,,,,
6,1,a,P6,12110 ,10880,11540,11510.00 ,,,,,,,,,,,
7,1,a,P7,2870 ,3340,3590,3266.67 ,,,,,,,,,,,
8,1,a,P8,1190 ,1840,1670,1566.67 ,,,,,,,,,,,
9,1,b,P1,1480 ,1560,1320,1453.33 ,,,,,,,,,,,
10,1,b,P2,1930 ,2050,2180,2053.33 ,,,,,,,,,,,
11,1,b,P3,3780 ,3640,3530,3650.00 ,,,,,,,,,,,
12,1,b,P4,5580 ,5170,5940,5563.33 ,,,,,,,,,,,
13,1,b,P5,7970 ,7620,7450,7680.00 ,,,,,,,,,,,
14,1,b,P6,4800 ,5020,4760,4860.00 ,,,,,,,,,,,
15,1,b,P7,3210 ,2950,2360,2840.00 ,,,,,,,,,,,
16,1,b,P8,1080 ,1130,1070,1093.33 ,,,,,,,,,,,
17,1,c,P1,2410 ,1980,2260,2216.67 ,,,,,,,,,,,
18,1,c,P2,3180 ,2930,2850,2986.67 ,,,,,,,,,,,
19,1,c,P3,6480 ,6230,5910,6206.67 ,,,,,,,,,,,
20,1,c,P4,18460 ,17850,19620,18643.33 ,,,,,,,,,,,
21,1,c,P5,21850 ,20780,22900,21843.33 ,,,,,,,,,,,
22,1,c,P6,28040 ,27860,26490,27463.33 ,,,,,,,,,,,
23,1,c,P7,10820 ,11970,12490,11760.00 ,,,,,,,,,,,
24,1,c,P8,3500 ,3680,3240,3473.33 ,,,,,,,,,,,
25,1,d,P1,4980 ,4250,4660,4630.00 ,,,,,,,,,,,
26,1,d,P2,7510 ,6800,6940,7083.33 ,,,,,,,,,,,
27,1,d,P3,22430 ,23870,25110,23803.33 ,,,,,,,,,,,
28,1,d,P4,49870 ,46420,47990,48093.33 ,,,,,,,,,,,
29,1,d,P5,57860 ,59300,55330,57496.67 ,,,,,,,,,,,
30,1,d,P6,42850 ,41790,44410,43016.67 ,,,,,,,,,,,
31,1,d,P7,30850 ,31460,32930,31746.67 ,,,,,,,,,,,
32,1,d,P8,20840 ,21570,19670,20693.33 ,,,,,,,,,,,
33,1,e,P1,37500 ,39090,36810,37800.00 ,,,,,,,,,,,
34,1,e,P2,34990 ,29790,26250,30343.33 ,,,,,,,,,,,
35,1,e,P3,68890 ,51190,60910,60330.00 ,,,,,,,,,,,
36,1,e,P4,88910 ,83040,76290,82746.67 ,,,,,,,,,,,
37,1,e,P5,64170 ,81670,73440,73093.33 ,,,,,,,,,,,
38,1,e,P6,64170 ,81670,73440,73093.33 ,,,,,,,,,,,
39,1,e,P7,72700 ,84020,71870,76196.67 ,,,,,,,,,,,
40,1,e,P8,82190 ,82330,78900,81140.00 ,,,,,,,,,,,
41,1,f,P1,34060 ,28470,36400,32976.67 ,,,,,,,,,,,
42,1,f,P2,26880 ,26290,25000,26056.67 ,,,,,,,,,,,
43,1,f,P3,64380 ,70240,62520,65713.33 ,,,,,,,,,,,
44,1,f,P4,80170 ,86050,87440,84553.33 ,,,,,,,,,,,
45,1,f,P5,123840 ,130550,137430,130606.67 ,,,,,,,,,,,
46,1,f,P6,92170 ,105660,98700,98843.33 ,,,,,,,,,,,
47,1,f,P7,82190 ,80420,72670,78426.67 ,,,,,,,,,,,
48,1,f,P8,70160 ,64980,59280,64806.67 ,,,,,,,,,,,
49,1,g,P1,63150 ,54150,63770,60356.67 ,,,,,,,,,,,
50,1,g,P2,42210 ,41360,41300,41623.33 ,,,,,,,,,,,
51,1,g,P3,82170 ,91250,82120,85180.00 ,,,,,,,,,,,
52,1,g,P4,82380 ,78420,87240,82680.00 ,,,,,,,,,,,
53,1,g,P5,118550 ,126400,124520,123156.67 ,,,,,,,,,,,
54,1,g,P6,80410 ,72940,80120,77823.33 ,,,,,,,,,,,
55,1,g,P7,58020 ,64340,95480,72613.33 ,,,,,,,,,,,
56,1,g,P8,22040 ,23750,26960,24250.00 ,,,,,,,,,,,
57,1,h,P1,28400 ,26740,25940,27026.67 ,,,,,,,,,,,
58,1,h,P2,32150 ,33560,34790,33500.00 ,,,,,,,,,,,
59,1,h,P3,41110 ,40940,44810,42286.67 ,,,,,,,,,,,
60,1,h,P4,62210 ,71510,61710,65143.33 ,,,,,,,,,,,
61,1,h,P5,182170 ,181880,182020,182023.33 ,,,,,,,,,,,
62,1,h,P6,100790 ,99820,111760,104123.33 ,,,,,,,,,,,
63,1,h,P7,91010 ,89660,93020,91230.00 ,,,,,,,,,,,
64,1,h,P8,54290 ,54550,65100,57980.00 ,,,,,,,,,,,
65,1,i,P1,84320 ,87340,86930,86196.67 ,,,,,,,,,,,
66,1,i,P2,103280 ,115460,109800,109513.33 ,,,,,,,,,,,
67,1,i,P3,128980 ,132840,140090,133970.00 ,,,,,,,,,,,
68,1,i,P4,146520 ,150340,153910,150256.67 ,,,,,,,,,,,
69,1,i,P5,570520 ,582020,636180,596240.00 ,,,,,,,,,,,
70,1,i,P6,386990 ,335770,372870,365210.00 ,,,,,,,,,,,
71,1,i,P7,171200 ,191520,188280,183666.67 ,,,,,,,,,,,
72,1,i,P8,105400 ,96220,96790,99470.00 ,,,,,,,,,,,
73,1,j,P1,10340 ,15840,12380,12853.33 ,,,,,,,,,,,
74,1,j,P2,32550 ,26790,29430,29590.00 ,,,,,,,,,,,
75,1,j,P3,59580 ,54710,65330,59873.33 ,,,,,,,,,,,
76,1,j,P4,62090 ,68120,64090,64766.67 ,,,,,,,,,,,
77,1,j,P5,348550 ,311280,319930,326586.67 ,,,,,,,,,,,
78,1,j,P6,87500 ,65050,67900,73483.33 ,,,,,,,,,,,
79,1,j,P7,51110 ,41000,35460,42523.33 ,,,,,,,,,,,
80,1,j,P8,35230 ,34860,34830,34973.33 ,,,,,,,,,,,
81,1,k,P1,27470 ,29360,28890,28573.33 ,,,,,,,,,,,
82,1,k,P2,32480 ,39470,35880,35943.33 ,,,,,,,,,,,
83,1,k,P3,37510 ,57180,46930,47206.67 ,,,,,,,,,,,
84,1,k,P4,41740 ,41170,43370,42093.33 ,,,,,,,,,,,
85,1,k,P5,198830 ,196960,205310,200366.67 ,,,,,,,,,,,
86,1,k,P6,65880 ,69350,69270,68166.67 ,,,,,,,,,,,
87,1,k,P7,54150 ,56780,59260,56730.00 ,,,,,,,,,,,
88,1,k,P8,42970 ,34380,40400,39250.00 ,,,,,,,,,,,
89,1,l,P1,43280 ,42680,40110,42023.33 ,,,,,,,,,,,
90,1,l,P2,32840 ,35120,36970,34976.67 ,,,,,,,,,,,
91,1,l,P3,65130 ,71290,70470,68963.33 ,,,,,,,,,,,
92,1,l,P4,77930 ,75180,74460,75856.67 ,,,,,,,,,,,
93,1,l,P5,103900 ,93300,112800,103333.33 ,,,,,,,,,,,
94,1,l,P6,56680 ,58070,58700,57816.67 ,,,,,,,,,,,
95,1,l,P7,40810 ,38850,42770,40810.00 ,,,,,,,,,,,
96,1,l,P8,23340 ,26510,25520,25123.33 ,,,,,,,,,,,
97,2,a,P1,60 ,50,50,53.33 ,,,,,,,,,,,
98,2,a,P2,410 ,140,140,230.00 ,,,,,,,,,,,
99,2,a,P3,1860 ,2540,2180,2193.33 ,,,,,,,,,,,
100,2,a,P4,3670 ,4020,3890,3860.00 ,,,,,,,,,,,
101,2,a,P5,5120 ,6030,5530,5560.00 ,,,,,,,,,,,
102,2,a,P6,15780 ,13260,14800,14613.33 ,,,,,,,,,,,
103,2,a,P7,10840 ,9610,8420,9623.33 ,,,,,,,,,,,
104,2,a,P8,8310 ,6320,7790,7473.33 ,,,,,,,,,,,
105,2,b,P1,680 ,450,580,570.00 ,,,,,,,,,,,
106,2,b,P2,1140 ,1090,1260,1163.33 ,,,,,,,,,,,
107,2,b,P3,4850 ,6700,5480,5676.67 ,,,,,,,,,,,
108,2,b,P4,12470 ,18640,16840,15983.33 ,,,,,,,,,,,
109,2,b,P5,35760 ,32140,33910,33936.67 ,,,,,,,,,,,
110,2,b,P6,42010 ,39840,43520,41790.00 ,,,,,,,,,,,
111,2,b,P7,22140 ,23760,25680,23860.00 ,,,,,,,,,,,
112,2,b,P8,7380 ,6570,7240,7063.33 ,,,,,,,,,,,
113,2,c,P1,710 ,470,340,506.67 ,,,,,,,,,,,
114,2,c,P2,630 ,620,550,600.00 ,,,,,,,,,,,
115,2,c,P3,3840 ,3610,3740,3730.00 ,,,,,,,,,,,
116,2,c,P4,9810 ,8840,6790,8480.00 ,,,,,,,,,,,
117,2,c,P5,36520 ,33790,32330,34213.33 ,,,,,,,,,,,
118,2,c,P6,25810 ,26740,23370,25306.67 ,,,,,,,,,,,
119,2,c,P7,7820 ,6540,7110,7156.67 ,,,,,,,,,,,
120,2,c,P8,980 ,920,790,896.67 ,,,,,,,,,,,
121,2,d,P1,1580 ,1430,1760,1590.00 ,,,,,,,,,,,
122,2,d,P2,3860 ,4050,4180,4030.00 ,,,,,,,,,,,
123,2,d,P3,5970 ,6020,6180,6056.67 ,,,,,,,,,,,
124,2,d,P4,10840 ,9840,9670,10116.67 ,,,,,,,,,,,
125,2,d,P5,48610 ,43850,47410,46623.33 ,,,,,,,,,,,
126,2,d,P6,51280 ,53820,56470,53856.67 ,,,,,,,,,,,
127,2,d,P7,10280 ,10170,10930,10460.00 ,,,,,,,,,,,
128,2,d,P8,5980 ,4320,5480,5260.00 ,,,,,,,,,,,
129,2,e,P1,1490 ,1220,1250,1320.00 ,,,,,,,,,,,
130,2,e,P2,3450 ,3530,3570,3516.67 ,,,,,,,,,,,
131,2,e,P3,10850 ,11490,12470,11603.33 ,,,,,,,,,,,
132,2,e,P4,38540 ,36270,32270,35693.33 ,,,,,,,,,,,
133,2,e,P5,59780 ,56130,54260,56723.33 ,,,,,,,,,,,
134,2,e,P6,48430 ,45870,48730,47676.67 ,,,,,,,,,,,
135,2,e,P7,15810 ,15770,14320,15300.00 ,,,,,,,,,,,
136,2,e,P8,9670 ,8750,9610,9343.33 ,,,,,,,,,,,
137,2,f,P1,2210 ,2230,2340,2260.00 ,,,,,,,,,,,
138,2,f,P2,4250 ,4240,4310,4266.67 ,,,,,,,,,,,
139,2,f,P3,15860 ,17490,16840,16730.00 ,,,,,,,,,,,
140,2,f,P4,49830 ,42580,43660,45356.67 ,,,,,,,,,,,
141,2,f,P5,54980 ,52160,57910,55016.67 ,,,,,,,,,,,
142,2,f,P6,32480 ,33490,34860,33610.00 ,,,,,,,,,,,
143,2,f,P7,10380 ,12370,10930,11226.67 ,,,,,,,,,,,
144,2,f,P8,4390 ,4210,4080,4226.67 ,,,,,,,,,,,
145,2,g,P1,1070 ,1060,990,1040.00 ,,,,,,,,,,,
146,2,g,P2,8070 ,8350,9670,8696.67 ,,,,,,,,,,,
147,2,g,P3,16850 ,17240,18270,17453.33 ,,,,,,,,,,,
148,2,g,P4,51840 ,53280,58610,54576.67 ,,,,,,,,,,,
149,2,g,P5,68540 ,65180,63290,65670.00 ,,,,,,,,,,,
150,2,g,P6,42840 ,47920,45510,45423.33 ,,,,,,,,,,,
151,2,g,P7,28900 ,30850,29670,29806.67 ,,,,,,,,,,,
152,2,g,P8,11250 ,12760,11880,11963.33 ,,,,,,,,,,,
153,2,h,P1,1890 ,2040,1960,1963.33 ,,,,,,,,,,,
154,2,h,P2,2730 ,2860,2910,2833.33 ,,,,,,,,,,,
155,2,h,P3,3420 ,4060,3380,3620.00 ,,,,,,,,,,,
156,2,h,P4,12330 ,11680,8820,10943.33 ,,,,,,,,,,,
157,2,h,P5,88200 ,98540,77710,88150.00 ,,,,,,,,,,,
158,2,h,P6,20120 ,15790,20520,18810.00 ,,,,,,,,,,,
159,2,h,P7,19130 ,17630,17770,18176.67 ,,,,,,,,,,,
160,2,h,P8,1230 ,920,880,1010.00 ,,,,,,,,,,,
161,2,i,P1,13200 ,10080,12430,11903.33 ,,,,,,,,,,,
162,2,i,P2,22530 ,20810,21640,21660.00 ,,,,,,,,,,,
163,2,i,P3,24910 ,25590,28920,26473.33 ,,,,,,,,,,,
164,2,i,P4,114540 ,132750,104210,117166.67 ,,,,,,,,,,,
165,2,i,P5,170220 ,179000,168180,172466.67 ,,,,,,,,,,,
166,2,i,P6,39860 ,34700,37050,37203.33 ,,,,,,,,,,,
167,2,i,P7,18650 ,18270,18620,18513.33 ,,,,,,,,,,,
168,2,i,P8,8090 ,7420,6030,7180.00 ,,,,,,,,,,,
169,2,j,P1,10980 ,11340,12750,11690.00 ,,,,,,,,,,,
170,2,j,P2,13280 ,15790,16240,15103.33 ,,,,,,,,,,,
171,2,j,P3,21720 ,16350,16920,18330.00 ,,,,,,,,,,,
172,2,j,P4,38280 ,37880,36460,37540.00 ,,,,,,,,,,,
173,2,j,P5,84500 ,84590,85930,85006.67 ,,,,,,,,,,,
174,2,j,P6,4360 ,6640,8240,6413.33 ,,,,,,,,,,,
175,2,j,P7,2950 ,2730,4300,3326.67 ,,,,,,,,,,,
176,2,j,P8,1810 ,970,680,1153.33 ,,,,,,,,,,,
177,2,k,P1,1480 ,1660,1930,1690.00 ,,,,,,,,,,,
178,2,k,P2,3580 ,3240,4070,3630.00 ,,,,,,,,,,,
179,2,k,P3,6840 ,7180,9280,7766.67 ,,,,,,,,,,,
180,2,k,P4,9030 ,14110,7590,10243.33 ,,,,,,,,,,,
181,2,k,P5,76510 ,77300,75080,76296.67 ,,,,,,,,,,,
182,2,k,P6,12250 ,10430,14080,12253.33 ,,,,,,,,,,,
183,2,k,P7,4550 ,5320,4960,4943.33 ,,,,,,,,,,,
184,2,k,P8,1400 ,2640,1440,1826.67 ,,,,,,,,,,,
185,2,l,P1,4030 ,4570,4330,4310.00 ,,,,,,,,,,,
186,2,l,P2,6980 ,6700,6230,6636.67 ,,,,,,,,,,,
187,2,l,P3,9320 ,10500,11010,26883.33 ,,,,,,,,,,,
188,2,l,P4,26660 ,26340,27650,10276.67 ,,,,,,,,,,,
189,2,l,P5,60290 ,62970,61130,61463.33 ,,,,,,,,,,,
190,2,l,P6,1550 ,2280,3560,2463.33 ,,,,,,,,,,,
191,2,l,P7,3110 ,3380,4970,3820.00 ,,,,,,,,,,,
192,2,l,P8,4270 ,5870,5560,5233.33 ,,,,,,,,,,,
193,3,a,P1,80 ,130,120,110.00 ,,,,,,,,,,,
194,3,a,P2,710 ,590,920,740.00 ,,,,,,,,,,,
195,3,a,P3,980 ,880,810,890.00 ,,,,,,,,,,,
196,3,a,P4,2440 ,2380,2950,2590.00 ,,,,,,,,,,,
197,3,a,P5,8580 ,9320,9670,9190.00 ,,,,,,,,,,,
198,3,a,P6,8430 ,8820,9420,8890.00 ,,,,,,,,,,,
199,3,a,P7,2310 ,2570,2820,2566.67 ,,,,,,,,,,,
200,3,a,P8,980 ,460,660,700.00 ,,,,,,,,,,,
201,3,b,P1,280 ,390,490,386.67 ,,,,,,,,,,,
202,3,b,P2,480 ,850,690,673.33 ,,,,,,,,,,,
203,3,b,P3,1580 ,1460,1970,1670.00 ,,,,,,,,,,,
204,3,b,P4,3680 ,4510,4930,4373.33 ,,,,,,,,,,,
205,3,b,P5,10080 ,9460,11570,10370.00 ,,,,,,,,,,,
206,3,b,P6,12430 ,15930,14620,14326.67 ,,,,,,,,,,,
207,3,b,P7,2280 ,1760,1540,1860.00 ,,,,,,,,,,,
208,3,b,P8,320 ,330,470,373.33 ,,,,,,,,,,,
209,3,c,P1,230 ,150,180,186.67 ,,,,,,,,,,,
210,3,c,P2,320 ,830,570,573.33 ,,,,,,,,,,,
211,3,c,P3,1890 ,2460,2910,2420.00 ,,,,,,,,,,,
212,3,c,P4,6540 ,5870,6900,6436.67 ,,,,,,,,,,,
213,3,c,P5,13840 ,15670,18690,16066.67 ,,,,,,,,,,,
214,3,c,P6,12310 ,14560,15280,14050.00 ,,,,,,,,,,,
215,3,c,P7,1080 ,1460,1220,1253.33 ,,,,,,,,,,,
216,3,c,P8,560 ,410,740,570.00 ,,,,,,,,,,,
217,3,d,P1,120 ,170,150,146.67 ,,,,,,,,,,,
218,3,d,P2,240 ,350,430,340.00 ,,,,,,,,,,,
219,3,d,P3,2600 ,3150,3080,2943.33 ,,,,,,,,,,,
220,3,d,P4,7840 ,7920,8060,7940.00 ,,,,,,,,,,,
221,3,d,P5,15080 ,13240,14970,14430.00 ,,,,,,,,,,,
222,3,d,P6,10280 ,13480,15660,13140.00 ,,,,,,,,,,,
223,3,d,P7,1240 ,2370,1610,1740.00 ,,,,,,,,,,,
224,3,d,P8,300 ,420,490,403.33 ,,,,,,,,,,,
225,3,e,P1,310 ,160,280,250.00 ,,,,,,,,,,,
226,3,e,P2,210 ,110,170,163.33 ,,,,,,,,,,,
227,3,e,P3,1420 ,300,300,673.33 ,,,,,,,,,,,
228,3,e,P4,1680 ,1580,1290,1516.67 ,,,,,,,,,,,
229,3,e,P5,19390 ,20510,38370,26090.00 ,,,,,,,,,,,
230,3,e,P6,17000 ,21720,48210,28976.67 ,,,,,,,,,,,
231,3,e,P7,6840 ,8860,7850,7850.00 ,,,,,,,,,,,
232,3,e,P8,4880 ,2960,4130,3990.00 ,,,,,,,,,,,
233,3,f,P1,860 ,750,620,743.33 ,,,,,,,,,,,
234,3,f,P2,170 ,120,120,136.67 ,,,,,,,,,,,
235,3,f,P3,240 ,450,520,403.33 ,,,,,,,,,,,
236,3,f,P4,160 ,120,170,150.00 ,,,,,,,,,,,
237,3,f,P5,21080 ,22980,23190,22416.67 ,,,,,,,,,,,
238,3,f,P6,39360 ,48990,46410,44920.00 ,,,,,,,,,,,
239,3,f,P7,4880 ,2200,1840,2973.33 ,,,,,,,,,,,
240,3,f,P8,4350 ,5590,7040,5660.00 ,,,,,,,,,,,
241,3,g,P1,2170 ,1920,2570,2220.00 ,,,,,,,,,,,
242,3,g,P2,450 ,250,480,393.33 ,,,,,,,,,,,
243,3,g,P3,610 ,560,580,583.33 ,,,,,,,,,,,
244,3,g,P4,250 ,310,330,296.67 ,,,,,,,,,,,
245,3,g,P5,75860 ,67310,106990,83386.67 ,,,,,,,,,,,
246,3,g,P6,16330 ,19250,24110,19896.67 ,,,,,,,,,,,
247,3,g,P7,27610 ,22950,24570,25043.33 ,,,,,,,,,,,
248,3,g,P8,1990 ,3000,6910,3966.67 ,,,,,,,,,,,
249,3,h,P1,1870 ,1960,1530,1786.67 ,,,,,,,,,,,
250,3,h,P2,2650 ,2430,2980,2686.67 ,,,,,,,,,,,
251,3,h,P3,3480 ,4960,3920,4120.00 ,,,,,,,,,,,
252,3,h,P4,3090 ,2630,2220,2646.67 ,,,,,,,,,,,
253,3,h,P5,250450 ,240310,243990,244916.67 ,,,,,,,,,,,
254,3,h,P6,72950 ,83010,62450,72803.33 ,,,,,,,,,,,
255,3,h,P7,66250 ,64420,66540,65736.67 ,,,,,,,,,,,
256,3,h,P8,6810 ,7530,6960,7100.00 ,,,,,,,,,,,
257,3,i,P1,18930 ,21580,19670,20060.00 ,,,,,,,,,,,
258,3,i,P2,29330 ,31580,33740,31550.00 ,,,,,,,,,,,
259,3,i,P3,48320 ,53020,46540,49293.33 ,,,,,,,,,,,
260,3,i,P4,111690 ,112440,114750,112960.00 ,,,,,,,,,,,
261,3,i,P5,318690 ,276980,384080,326583.33 ,,,,,,,,,,,
262,3,i,P6,81810 ,84680,89600,85363.33 ,,,,,,,,,,,
263,3,i,P7,23680 ,18570,19630,20626.67 ,,,,,,,,,,,
264,3,i,P8,25450 ,21580,17720,21583.33 ,,,,,,,,,,,
265,3,j,P1,1960 ,1590,1440,1663.33 ,,,,,,,,,,,
266,3,j,P2,5200 ,4960,5120,5093.33 ,,,,,,,,,,,
267,3,j,P3,13010 ,17920,11740,14223.33 ,,,,,,,,,,,
268,3,j,P4,19990 ,20610,11950,17516.67 ,,,,,,,,,,,
269,3,j,P5,178980 ,167580,173260,173273.33 ,,,,,,,,,,,
270,3,j,P6,25840 ,22480,23710,24010.00 ,,,,,,,,,,,
271,3,j,P7,4130 ,4350,4490,4323.33 ,,,,,,,,,,,
272,3,j,P8,4450 ,3200,2260,3303.33 ,,,,,,,,,,,
273,3,k,P1,2470 ,1980,2350,2266.67 ,,,,,,,,,,,
274,3,k,P2,5670 ,5120,4760,5183.33 ,,,,,,,,,,,
275,3,k,P3,16180 ,17510,16750,16813.33 ,,,,,,,,,,,
276,3,k,P4,40230 ,46590,56230,47683.33 ,,,,,,,,,,,
277,3,k,P5,99100 ,112890,120600,110863.33 ,,,,,,,,,,,
278,3,k,P6,96040 ,101030,104200,100423.33 ,,,,,,,,,,,
279,3,k,P7,40410 ,55290,63880,53193.33 ,,,,,,,,,,,
280,3,k,P8,6260 ,5630,5640,5843.33 ,,,,,,,,,,,
281,3,l,P1,1960 ,1230,1550,1580.00 ,,,,,,,,,,,
282,3,l,P2,1580 ,1670,1710,1653.33 ,,,,,,,,,,,
283,3,l,P3,1650 ,1800,1880,1776.67 ,,,,,,,,,,,
284,3,l,P4,30410 ,34510,41710,35543.33 ,,,,,,,,,,,
285,3,l,P5,89440 ,104390,96870,96900.00 ,,,,,,,,,,,
286,3,l,P6,13850 ,16580,27900,19443.33 ,,,,,,,,,,,
287,3,l,P7,5270 ,9140,16370,10260.00 ,,,,,,,,,,,
288,3,l,P8,2090 ,2500,2410,2333.33 ,,,,,,,,,,,
289,4,a,P1,80 ,120,90,96.67 ,,,,,,,,,,,
290,4,a,P2,120 ,280,360,253.33 ,,,,,,,,,,,
291,4,a,P3,790 ,850,930,856.67 ,,,,,,,,,,,
292,4,a,P4,880 ,710,1120,903.33 ,,,,,,,,,,,
293,4,a,P5,2540 ,2170,2710,2473.33 ,,,,,,,,,,,
294,4,a,P6,1720 ,1560,1630,1636.67 ,,,,,,,,,,,
295,4,a,P7,690 ,620,770,693.33 ,,,,,,,,,,,
296,4,a,P8,250 ,270,380,300.00 ,,,,,,,,,,,
297,4,b,P1,70 ,130,140,113.33 ,,,,,,,,,,,
298,4,b,P2,210 ,290,320,273.33 ,,,,,,,,,,,
299,4,b,P3,480 ,820,670,656.67 ,,,,,,,,,,,
300,4,b,P4,1810 ,2050,1940,1933.33 ,,,,,,,,,,,
301,4,b,P5,3670 ,3510,3860,3680.00 ,,,,,,,,,,,
302,4,b,P6,4310 ,4580,4470,4453.33 ,,,,,,,,,,,
303,4,b,P7,1020 ,1590,1320,1310.00 ,,,,,,,,,,,
304,4,b,P8,450 ,510,480,480.00 ,,,,,,,,,,,
305,4,c,P1,80 ,60,50,63.33 ,,,,,,,,,,,
306,4,c,P2,110 ,170,90,123.33 ,,,,,,,,,,,
307,4,c,P3,430 ,360,410,400.00 ,,,,,,,,,,,
308,4,c,P4,680 ,720,540,646.67 ,,,,,,,,,,,
309,4,c,P5,4310 ,4220,3580,4036.67 ,,,,,,,,,,,
310,4,c,P6,2780 ,2260,2490,2510.00 ,,,,,,,,,,,
311,4,c,P7,1070 ,1280,1540,1296.67 ,,,,,,,,,,,
312,4,c,P8,360 ,270,410,346.67 ,,,,,,,,,,,
313,4,d,P1,120 ,150,270,180.00 ,,,,,,,,,,,
314,4,d,P2,280 ,560,370,403.33 ,,,,,,,,,,,
315,4,d,P3,890 ,830,720,813.33 ,,,,,,,,,,,
316,4,d,P4,1080 ,1230,1570,1293.33 ,,,,,,,,,,,
317,4,d,P5,5320 ,4970,4880,5056.67 ,,,,,,,,,,,
318,4,d,P6,2560 ,1790,1940,2096.67 ,,,,,,,,,,,
319,4,d,P7,980 ,740,810,843.33 ,,,,,,,,,,,
320,4,d,P8,530 ,240,370,380.00 ,,,,,,,,,,,
321,4,e,P1,170 ,170,190,176.67 ,,,,,,,,,,,
322,4,e,P2,560 ,310,570,480.00 ,,,,,,,,,,,
323,4,e,P3,410 ,510,610,510.00 ,,,,,,,,,,,
324,4,e,P4,230 ,360,340,310.00 ,,,,,,,,,,,
325,4,e,P5,19590 ,15810,17410,17603.33 ,,,,,,,,,,,
326,4,e,P6,14400 ,18810,43090,25433.33 ,,,,,,,,,,,
327,4,e,P7,3970 ,5140,5470,4860.00 ,,,,,,,,,,,
328,4,e,P8,3730 ,2870,3340,3313.33 ,,,,,,,,,,,
329,4,f,P1,330 ,260,410,333.33 ,,,,,,,,,,,
330,4,f,P2,530 ,650,1620,933.33 ,,,,,,,,,,,
331,4,f,P3,1860 ,2620,6030,3503.33 ,,,,,,,,,,,
332,4,f,P4,2730 ,2180,3090,2666.67 ,,,,,,,,,,,
333,4,f,P5,31290 ,26640,24690,27540.00 ,,,,,,,,,,,
334,4,f,P6,16240 ,18530,35720,23496.67 ,,,,,,,,,,,
335,4,f,P7,13900 ,16270,19680,16616.67 ,,,,,,,,,,,
336,4,f,P8,1980 ,1630,4020,2543.33 ,,,,,,,,,,,
337,4,g,P1,160 ,950,210,440.00 ,,,,,,,,,,,
338,4,g,P2,1930 ,1310,1170,1470.00 ,,,,,,,,,,,
339,4,g,P3,800 ,310,310,473.33 ,,,,,,,,,,,
340,4,g,P4,1210 ,830,610,883.33 ,,,,,,,,,,,
341,4,g,P5,42860 ,42910,31390,39053.33 ,,,,,,,,,,,
342,4,g,P6,44670 ,15410,15400,25160.00 ,,,,,,,,,,,
343,4,g,P7,380 ,370,220,323.33 ,,,,,,,,,,,
344,4,g,P8,4020 ,4780,6040,4946.67 ,,,,,,,,,,,
345,4,h,P1,340 ,380,490,403.33 ,,,,,,,,,,,
346,4,h,P2,2480 ,2910,3650,3013.33 ,,,,,,,,,,,
347,4,h,P3,7940 ,6960,17530,10810.00 ,,,,,,,,,,,
348,4,h,P4,10730 ,10380,10950,10686.67 ,,,,,,,,,,,
349,4,h,P5,91450 ,84600,65070,80373.33 ,,,,,,,,,,,
350,4,h,P6,26000 ,27150,24760,25970.00 ,,,,,,,,,,,
351,4,h,P7,13940 ,11510,11310,12253.33 ,,,,,,,,,,,
352,4,h,P8,1210 ,1570,1260,1346.67 ,,,,,,,,,,,
353,4,i,P1,90 ,120,400,203.33 ,,,,,,,,,,,
354,4,i,P2,670 ,860,1080,870.00 ,,,,,,,,,,,
355,4,i,P3,3680 ,3170,3500,3450.00 ,,,,,,,,,,,
356,4,i,P4,88130 ,94160,109610,97300.00 ,,,,,,,,,,,
357,4,i,P5,286100 ,299310,309550,298320.00 ,,,,,,,,,,,
358,4,i,P6,98040 ,95550,96630,96740.00 ,,,,,,,,,,,
359,4,i,P7,18570 ,16170,14910,16550.00 ,,,,,,,,,,,
360,4,i,P8,1590 ,1960,1880,1810.00 ,,,,,,,,,,,
361,4,j,P1,850 ,960,1080,963.33 ,,,,,,,,,,,
362,4,j,P2,1550 ,1040,1040,1210.00 ,,,,,,,,,,,
363,4,j,P3,3710 ,5800,4610,4706.67 ,,,,,,,,,,,
364,4,j,P4,29110 ,20660,18210,22660.00 ,,,,,,,,,,,
365,4,j,P5,111990 ,123810,112630,116143.33 ,,,,,,,,,,,
366,4,j,P6,64400 ,69600,75320,69773.33 ,,,,,,,,,,,
367,4,j,P7,4600 ,4530,5070,4733.33 ,,,,,,,,,,,
368,4,j,P8,650 ,880,1570,1033.33 ,,,,,,,,,,,
369,4,k,P1,290 ,380,450,373.33 ,,,,,,,,,,,
370,4,k,P2,460 ,480,860,600.00 ,,,,,,,,,,,
371,4,k,P3,770 ,860,1850,1160.00 ,,,,,,,,,,,
372,4,k,P4,380 ,840,1950,1056.67 ,,,,,,,,,,,
373,4,k,P5,52260 ,50470,51610,51446.67 ,,,,,,,,,,,
374,4,k,P6,220 ,170,470,286.67 ,,,,,,,,,,,
375,4,k,P7,130 ,60,110,100.00 ,,,,,,,,,,,
376,4,k,P8,420 ,300,460,393.33 ,,,,,,,,,,,
377,4,l,P1,260 ,300,540,366.67 ,,,,,,,,,,,
378,4,l,P2,370 ,480,460,436.67 ,,,,,,,,,,,
379,4,l,P3,490 ,600,870,653.33 ,,,,,,,,,,,
380,4,l,P4,120 ,280,130,176.67 ,,,,,,,,,,,
381,4,l,P5,37740 ,39350,43740,40276.67 ,,,,,,,,,,,
382,4,l,P6,1550 ,1530,1200,1426.67 ,,,,,,,,,,,
383,4,l,P7,1760 ,1740,1190,1563.33 ,,,,,,,,,,,
384,4,l,P8,2110 ,600,180,963.33 ,,,,,,,,,,,
385,5,a,P1,60 ,40,180,93.33 ,,,,,,,,,,,
386,5,a,P2,120 ,270,160,183.33 ,,,,,,,,,,,
387,5,a,P3,270 ,320,450,346.67 ,,,,,,,,,,,
388,5,a,P4,850 ,670,340,620.00 ,,,,,,,,,,,
389,5,a,P5,1120 ,1090,1770,1326.67 ,,,,,,,,,,,
390,5,a,P6,1050 ,920,880,950.00 ,,,,,,,,,,,
391,5,a,P7,460 ,470,550,493.33 ,,,,,,,,,,,
392,5,a,P8,160 ,280,320,253.33 ,,,,,,,,,,,
393,5,b,P1,60 ,120,150,110.00 ,,,,,,,,,,,
394,5,b,P2,80 ,60,70,70.00 ,,,,,,,,,,,
395,5,b,P3,200 ,150,190,180.00 ,,,,,,,,,,,
396,5,b,P4,1250 ,1430,1090,1256.67 ,,,,,,,,,,,
397,5,b,P5,4240 ,3910,4580,4243.33 ,,,,,,,,,,,
398,5,b,P6,2320 ,2180,2050,2183.33 ,,,,,,,,,,,
399,5,b,P7,490 ,550,630,556.67 ,,,,,,,,,,,
400,5,b,P8,210 ,250,270,243.33 ,,,,,,,,,,,
401,5,c,P1,280 ,210,330,273.33 ,,,,,,,,,,,
402,5,c,P2,580 ,610,770,653.33 ,,,,,,,,,,,
403,5,c,P3,240 ,310,450,333.33 ,,,,,,,,,,,
404,5,c,P4,1080 ,1170,1460,1236.67 ,,,,,,,,,,,
405,5,c,P5,5830 ,4920,5330,5360.00 ,,,,,,,,,,,
406,5,c,P6,5910 ,6120,6650,6226.67 ,,,,,,,,,,,
407,5,c,P7,3320 ,3470,3890,3560.00 ,,,,,,,,,,,
408,5,c,P8,220 ,310,590,373.33 ,,,,,,,,,,,
409,5,d,P1,80 ,120,70,90.00 ,,,,,,,,,,,
410,5,d,P2,250 ,780,510,513.33 ,,,,,,,,,,,
411,5,d,P3,330 ,560,820,570.00 ,,,,,,,,,,,
412,5,d,P4,1050 ,1200,1480,1243.33 ,,,,,,,,,,,
413,5,d,P5,6530 ,6680,7020,6743.33 ,,,,,,,,,,,
414,5,d,P6,5410 ,5210,5310,5310.00 ,,,,,,,,,,,
415,5,d,P7,850 ,620,630,700.00 ,,,,,,,,,,,
416,5,d,P8,480 ,250,330,353.33 ,,,,,,,,,,,
417,5,e,P1,440 ,510,860,603.33 ,,,,,,,,,,,
418,5,e,P2,110 ,90,110,103.33 ,,,,,,,,,,,
419,5,e,P3,660 ,470,570,566.67 ,,,,,,,,,,,
420,5,e,P4,880 ,430,260,523.33 ,,,,,,,,,,,
421,5,e,P5,7700 ,8270,8160,8043.33 ,,,,,,,,,,,
422,5,e,P6,1580 ,2510,1250,1780.00 ,,,,,,,,,,,
423,5,e,P7,670 ,530,440,546.67 ,,,,,,,,,,,
424,5,e,P8,320 ,430,340,363.33 ,,,,,,,,,,,
425,5,f,P1,220 ,100,90,136.67 ,,,,,,,,,,,
426,5,f,P2,920 ,630,510,686.67 ,,,,,,,,,,,
427,5,f,P3,230 ,150,70,150.00 ,,,,,,,,,,,
428,5,f,P4,100 ,100,100,100.00 ,,,,,,,,,,,
429,5,f,P5,8070 ,9080,8380,8510.00 ,,,,,,,,,,,
430,5,f,P6,190 ,140,110,146.67 ,,,,,,,,,,,
431,5,f,P7,170 ,90,100,120.00 ,,,,,,,,,,,
432,5,f,P8,120 ,70,100,96.67 ,,,,,,,,,,,
433,5,g,P1,510 ,610,600,573.33 ,,,,,,,,,,,
434,5,g,P2,700 ,820,720,746.67 ,,,,,,,,,,,
435,5,g,P3,410 ,520,460,463.33 ,,,,,,,,,,,
436,5,g,P4,230 ,220,220,223.33 ,,,,,,,,,,,
437,5,g,P5,9360 ,9530,9340,9410.00 ,,,,,,,,,,,
438,5,g,P6,1320 ,1420,1480,1406.67 ,,,,,,,,,,,
439,5,g,P7,450 ,870,920,746.67 ,,,,,,,,,,,
440,5,g,P8,1450 ,1850,2530,1943.33 ,,,,,,,,,,,
441,5,h,P1,280 ,170,120,190.00 ,,,,,,,,,,,
442,5,h,P2,560 ,510,730,600.00 ,,,,,,,,,,,
443,5,h,P3,1420 ,1440,1230,1363.33 ,,,,,,,,,,,
444,5,h,P4,520 ,300,550,456.67 ,,,,,,,,,,,
445,5,h,P5,28130 ,28090,27540,27920.00 ,,,,,,,,,,,
446,5,h,P6,700 ,640,750,696.67 ,,,,,,,,,,,
447,5,h,P7,690 ,930,850,823.33 ,,,,,,,,,,,
448,5,h,P8,3090 ,2510,2350,2650.00 ,,,,,,,,,,,
449,5,i,P1,2840 ,2760,3070,2890.00 ,,,,,,,,,,,
450,5,i,P2,5740 ,6320,5280,5780.00 ,,,,,,,,,,,
451,5,i,P3,11800 ,16750,11090,13213.33 ,,,,,,,,,,,
452,5,i,P4,18020 ,18800,10930,15916.67 ,,,,,,,,,,,
453,5,i,P5,95270 ,107400,102050,101573.33 ,,,,,,,,,,,
454,5,i,P6,22240 ,19970,15520,19243.33 ,,,,,,,,,,,
455,5,i,P7,36420 ,43290,49420,43043.33 ,,,,,,,,,,,
456,5,i,P8,15170 ,15270,16410,15616.67 ,,,,,,,,,,,
457,5,j,P1,80 ,60,110,83.33 ,,,,,,,,,,,
458,5,j,P2,180 ,250,320,250.00 ,,,,,,,,,,,
459,5,j,P3,1530 ,1550,1560,1546.67 ,,,,,,,,,,,
460,5,j,P4,75320 ,80450,83960,79910.00 ,,,,,,,,,,,
461,5,j,P5,86570 ,72090,70630,76430.00 ,,,,,,,,,,,
462,5,j,P6,25730 ,24730,26590,25683.33 ,,,,,,,,,,,
463,5,j,P7,900 ,750,950,866.67 ,,,,,,,,,,,
464,5,j,P8,250 ,120,280,216.67 ,,,,,,,,,,,
465,5,k,P1,170 ,190,230,196.67 ,,,,,,,,,,,
466,5,k,P2,850 ,620,410,626.67 ,,,,,,,,,,,
467,5,k,P3,1570 ,1430,1040,1346.67 ,,,,,,,,,,,
468,5,k,P4,6830 ,5090,6670,6196.67 ,,,,,,,,,,,
469,5,k,P5,35270 ,49940,55260,46823.33 ,,,,,,,,,,,
470,5,k,P6,4470 ,4700,5020,4730.00 ,,,,,,,,,,,
471,5,k,P7,6080 ,6480,6160,6240.00 ,,,,,,,,,,,
472,5,k,P8,2560 ,2160,2570,2430.00 ,,,,,,,,,,,
473,5,l,P1,520 ,740,660,640.00 ,,,,,,,,,,,
474,5,l,P2,1080 ,1430,1250,1253.33 ,,,,,,,,,,,
475,5,l,P3,2170 ,1660,1630,1820.00 ,,,,,,,,,,,
476,5,l,P4,5780 ,5390,4750,5306.67 ,,,,,,,,,,,
477,5,l,P5,11300 ,15170,13900,13456.67 ,,,,,,,,,,,
478,5,l,P6,6390 ,5990,7480,6620.00 ,,,,,,,,,,,
479,5,l,P7,1590 ,1700,2170,1820.00 ,,,,,,,,,,,
480,5,l,P8,740 ,590,650,660.00 ,,,,,,,,,,,
481,6,a,P1,120 ,60,80,86.67 ,,,,,,,,,,,
482,6,a,P2,170 ,180,230,193.33 ,,,,,,,,,,,
483,6,a,P3,1090 ,980,1280,1116.67 ,,,,,,,,,,,
484,6,a,P4,3920 ,2670,2930,3173.33 ,,,,,,,,,,,
485,6,a,P5,6980 ,6530,7830,7113.33 ,,,,,,,,,,,
486,6,a,P6,5420 ,5110,4930,5153.33 ,,,,,,,,,,,
487,6,a,P7,560 ,670,420,550.00 ,,,,,,,,,,,
488,6,a,P8,180 ,230,350,253.33 ,,,,,,,,,,,
489,6,b,P1,170 ,290,440,300.00 ,,,,,,,,,,,
490,6,b,P2,650 ,520,760,643.33 ,,,,,,,,,,,
491,6,b,P3,1870 ,2130,2360,2120.00 ,,,,,,,,,,,
492,6,b,P4,5930 ,5120,6970,6006.67 ,,,,,,,,,,,
493,6,b,P5,4480 ,4320,4880,4560.00 ,,,,,,,,,,,
494,6,b,P6,1860 ,1740,2030,1876.67 ,,,,,,,,,,,
495,6,b,P7,250 ,170,180,200.00 ,,,,,,,,,,,
496,6,b,P8,70 ,20,90,60.00 ,,,,,,,,,,,
497,6,c,P1,50 ,80,130,86.67 ,,,,,,,,,,,
498,6,c,P2,230 ,160,270,220.00 ,,,,,,,,,,,
499,6,c,P3,510 ,590,670,590.00 ,,,,,,,,,,,
500,6,c,P4,2160 ,2580,1750,2163.33 ,,,,,,,,,,,
501,6,c,P5,14920 ,14320,15120,14786.67 ,,,,,,,,,,,
502,6,c,P6,3510 ,4620,4790,4306.67 ,,,,,,,,,,,
503,6,c,P7,250 ,360,480,363.33 ,,,,,,,,,,,
504,6,c,P8,110 ,150,360,206.67 ,,,,,,,,,,,
505,6,d,P1,50 ,80,150,93.33 ,,,,,,,,,,,
506,6,d,P2,160 ,250,310,240.00 ,,,,,,,,,,,
507,6,d,P3,860 ,770,850,826.67 ,,,,,,,,,,,
508,6,d,P4,2580 ,2100,2340,2340.00 ,,,,,,,,,,,
509,6,d,P5,27900 ,26810,25340,26683.33 ,,,,,,,,,,,
510,6,d,P6,19870 ,15960,18340,18056.67 ,,,,,,,,,,,
511,6,d,P7,3280 ,2940,3530,3250.00 ,,,,,,,,,,,
512,6,d,P8,290 ,360,430,360.00 ,,,,,,,,,,,
513,6,e,P1,170 ,230,170,190.00 ,,,,,,,,,,,
514,6,e,P2,650 ,600,570,606.67 ,,,,,,,,,,,
515,6,e,P3,1450 ,1270,1100,1273.33 ,,,,,,,,,,,
516,6,e,P4,4340 ,6520,5590,5483.33 ,,,,,,,,,,,
517,6,e,P5,28710 ,23900,28410,27006.67 ,,,,,,,,,,,
518,6,e,P6,5890 ,6550,7980,6806.67 ,,,,,,,,,,,
519,6,e,P7,1270 ,1850,5000,2706.67 ,,,,,,,,,,,
520,6,e,P8,1060 ,1810,2770,1880.00 ,,,,,,,,,,,
521,6,f,P1,60 ,30,30,40.00 ,,,,,,,,,,,
522,6,f,P2,720 ,960,2170,1283.33 ,,,,,,,,,,,
523,6,f,P3,90 ,120,200,136.67 ,,,,,,,,,,,
524,6,f,P4,3920 ,5560,14610,8030.00 ,,,,,,,,,,,
525,6,f,P5,45830 ,19640,17640,27703.33 ,,,,,,,,,,,
526,6,f,P6,18160 ,14260,13520,15313.33 ,,,,,,,,,,,
527,6,f,P7,70 ,60,90,73.33 ,,,,,,,,,,,
528,6,f,P8,470 ,260,260,330.00 ,,,,,,,,,,,
529,6,g,P1,120 ,60,80,86.67 ,,,,,,,,,,,
530,6,g,P2,30 ,0,40,23.33 ,,,,,,,,,,,
531,6,g,P3,650 ,360,530,513.33 ,,,,,,,,,,,
532,6,g,P4,12830 ,13490,12140,12820.00 ,,,,,,,,,,,
533,6,g,P5,43030 ,22970,14400,26800.00 ,,,,,,,,,,,
534,6,g,P6,2170 ,1280,920,1456.67 ,,,,,,,,,,,
535,6,g,P7,540 ,540,390,490.00 ,,,,,,,,,,,
536,6,g,P8,280 ,360,210,283.33 ,,,,,,,,,,,
537,6,h,P1,230 ,180,330,246.67 ,,,,,,,,,,,
538,6,h,P2,3470 ,3800,4210,3826.67 ,,,,,,,,,,,
539,6,h,P3,12490 ,15240,24800,17510.00 ,,,,,,,,,,,
540,6,h,P4,105420 ,108770,115220,109803.33 ,,,,,,,,,,,
541,6,h,P5,154500 ,163420,153960,157293.33 ,,,,,,,,,,,
542,6,h,P6,21950 ,22060,32170,25393.33 ,,,,,,,,,,,
543,6,h,P7,7350 ,6780,5690,6606.67 ,,,,,,,,,,,
544,6,h,P8,9380 ,9060,9530,9323.33 ,,,,,,,,,,,
545,6,i,P1,350 ,230,180,253.33 ,,,,,,,,,,,
546,6,i,P2,6200 ,7180,6710,6696.67 ,,,,,,,,,,,
547,6,i,P3,13300 ,15400,14280,14326.67 ,,,,,,,,,,,
548,6,i,P4,23860 ,24820,23720,24133.33 ,,,,,,,,,,,
549,6,i,P5,272080 ,243590,228100,247923.33 ,,,,,,,,,,,
550,6,i,P6,132380 ,111150,110550,118026.67 ,,,,,,,,,,,
551,6,i,P7,26340 ,19700,15870,20636.67 ,,,,,,,,,,,
552,6,i,P8,14900 ,10410,11040,12116.67 ,,,,,,,,,,,
553,6,j,P1,80 ,60,110,83.33 ,,,,,,,,,,,
554,6,j,P2,560 ,470,330,453.33 ,,,,,,,,,,,
555,6,j,P3,1560 ,1400,1320,1426.67 ,,,,,,,,,,,
556,6,j,P4,480 ,530,980,663.33 ,,,,,,,,,,,
557,6,j,P5,35650 ,35930,36520,36033.33 ,,,,,,,,,,,
558,6,j,P6,750 ,720,1380,950.00 ,,,,,,,,,,,
559,6,j,P7,590 ,790,1700,1026.67 ,,,,,,,,,,,
560,6,j,P8,510 ,570,1750,943.33 ,,,,,,,,,,,
561,6,k,P1,220 ,170,110,166.67 ,,,,,,,,,,,
562,6,k,P2,240 ,260,380,293.33 ,,,,,,,,,,,
563,6,k,P3,370 ,400,1390,720.00 ,,,,,,,,,,,
564,6,k,P4,230 ,290,400,306.67 ,,,,,,,,,,,
565,6,k,P5,31110 ,32120,29920,31050.00 ,,,,,,,,,,,
566,6,k,P6,960 ,950,980,963.33 ,,,,,,,,,,,
567,6,k,P7,770 ,750,780,766.67 ,,,,,,,,,,,
568,6,k,P8,480 ,550,970,666.67 ,,,,,,,,,,,
569,6,l,P1,70 ,50,80,66.67 ,,,,,,,,,,,
570,6,l,P2,280 ,390,320,330.00 ,,,,,,,,,,,
571,6,l,P3,1850 ,1750,1720,1773.33 ,,,,,,,,,,,
572,6,l,P4,25460 ,12400,20160,19340.00 ,,,,,,,,,,,
573,6,l,P5,57130 ,54930,60580,57546.67 ,,,,,,,,,,,
574,6,l,P6,32830 ,35240,40340,36136.67 ,,,,,,,,,,,
575,6,l,P7,1420 ,1670,1710,1600.00 ,,,,,,,,,,,
576,6,l,P8,610 ,640,680,643.33 ,,,,,,,,,,,
577,7,a,P1,210 ,230,190,210.00 ,,,,,,,,,,,
578,7,a,P2,580 ,690,720,663.33 ,,,,,,,,,,,
579,7,a,P3,1630 ,1520,1780,1643.33 ,,,,,,,,,,,
580,7,a,P4,2840 ,2920,2530,2763.33 ,,,,,,,,,,,
581,7,a,P5,12580 ,14760,15430,14256.67 ,,,,,,,,,,,
582,7,a,P6,7620 ,7890,6210,7240.00 ,,,,,,,,,,,
583,7,a,P7,3270 ,3490,2980,3246.67 ,,,,,,,,,,,
584,7,a,P8,890 ,710,690,763.33 ,,,,,,,,,,,
585,7,b,P1,180 ,120,210,170.00 ,,,,,,,,,,,
586,7,b,P2,360 ,470,280,370.00 ,,,,,,,,,,,
587,7,b,P3,870 ,740,960,856.67 ,,,,,,,,,,,
588,7,b,P4,1100 ,1450,1210,1253.33 ,,,,,,,,,,,
589,7,b,P5,19680 ,13200,12660,15180.00 ,,,,,,,,,,,
590,7,b,P6,1020 ,1540,1320,1293.33 ,,,,,,,,,,,
591,7,b,P7,840 ,790,660,763.33 ,,,,,,,,,,,
592,7,b,P8,540 ,670,720,643.33 ,,,,,,,,,,,
593,7,c,P1,120 ,160,100,126.67 ,,,,,,,,,,,
594,7,c,P2,180 ,160,100,146.67 ,,,,,,,,,,,
595,7,c,P3,980 ,860,930,923.33 ,,,,,,,,,,,
596,7,c,P4,1980 ,1270,1650,1633.33 ,,,,,,,,,,,
597,7,c,P5,21030 ,19420,17960,19470.00 ,,,,,,,,,,,
598,7,c,P6,2180 ,1480,1940,1866.67 ,,,,,,,,,,,
599,7,c,P7,860 ,810,700,790.00 ,,,,,,,,,,,
600,7,c,P8,320 ,250,190,253.33 ,,,,,,,,,,,
601,7,d,P1,480 ,410,510,466.67 ,,,,,,,,,,,
602,7,d,P2,140 ,280,470,296.67 ,,,,,,,,,,,
603,7,d,P3,660 ,530,520,570.00 ,,,,,,,,,,,
604,7,d,P4,920 ,830,870,873.33 ,,,,,,,,,,,
605,7,d,P5,19340 ,16280,15390,17003.33 ,,,,,,,,,,,
606,7,d,P6,20100 ,19830,14840,18256.67 ,,,,,,,,,,,
607,7,d,P7,8640 ,8360,7250,8083.33 ,,,,,,,,,,,
608,7,d,P8,1320 ,1580,1660,1520.00 ,,,,,,,,,,,
609,7,e,P1,160 ,260,640,353.33 ,,,,,,,,,,,
610,7,e,P2,830 ,970,840,880.00 ,,,,,,,,,,,
611,7,e,P3,1340 ,1760,1250,1450.00 ,,,,,,,,,,,
612,7,e,P4,1670 ,1950,1730,1783.33 ,,,,,,,,,,,
613,7,e,P5,25580 ,26550,27770,26633.33 ,,,,,,,,,,,
614,7,e,P6,20990 ,19950,15380,18773.33 ,,,,,,,,,,,
615,7,e,P7,8090 ,7220,7790,7700.00 ,,,,,,,,,,,
616,7,e,P8,7150 ,7580,7280,7336.67 ,,,,,,,,,,,
617,7,f,P1,9580 ,5820,5580,6993.33 ,,,,,,,,,,,
618,7,f,P2,1960 ,1210,1410,1526.67 ,,,,,,,,,,,
619,7,f,P3,870 ,520,640,676.67 ,,,,,,,,,,,
620,7,f,P4,5720 ,7810,7750,7093.33 ,,,,,,,,,,,
621,7,f,P5,35340 ,38930,38540,37603.33 ,,,,,,,,,,,
622,7,f,P6,2610 ,2760,2410,2593.33 ,,,,,,,,,,,
623,7,f,P7,450 ,330,490,423.33 ,,,,,,,,,,,
624,7,f,P8,490 ,550,730,590.00 ,,,,,,,,,,,
625,7,g,P1,740 ,590,910,746.67 ,,,,,,,,,,,
626,7,g,P2,5860 ,8270,6520,6883.33 ,,,,,,,,,,,
627,7,g,P3,3020 ,2520,2770,2770.00 ,,,,,,,,,,,
628,7,g,P4,2460 ,2960,3930,3116.67 ,,,,,,,,,,,
629,7,g,P5,449730 ,41230,48670,179876.67 ,,,,,,,,,,,
630,7,g,P6,38170 ,43350,53930,45150.00 ,,,,,,,,,,,
631,7,g,P7,12600 ,11330,19280,14403.33 ,,,,,,,,,,,
632,7,g,P8,1660 ,290,520,823.33 ,,,,,,,,,,,
633,7,h,P1,320 ,470,650,480.00 ,,,,,,,,,,,
634,7,h,P2,860 ,710,730,766.67 ,,,,,,,,,,,
635,7,h,P3,1190 ,380,130,566.67 ,,,,,,,,,,,
636,7,h,P4,1540 ,470,120,710.00 ,,,,,,,,,,,
637,7,h,P5,101480 ,102720,99130,101110.00 ,,,,,,,,,,,
638,7,h,P6,1860 ,520,140,840.00 ,,,,,,,,,,,
639,7,h,P7,1390 ,360,160,636.67 ,,,,,,,,,,,
640,7,h,P8,470 ,150,110,243.33 ,,,,,,,,,,,
641,7,i,P1,1910 ,1830,1860,1866.67 ,,,,,,,,,,,
642,7,i,P2,2950 ,2470,2680,2700.00 ,,,,,,,,,,,
643,7,i,P3,5820 ,6550,6740,6370.00 ,,,,,,,,,,,
644,7,i,P4,6280 ,5260,4850,5463.33 ,,,,,,,,,,,
645,7,i,P5,143780 ,124590,135150,134506.67 ,,,,,,,,,,,
646,7,i,P6,21720 ,23810,24160,23230.00 ,,,,,,,,,,,
647,7,i,P7,18490 ,9700,10340,12843.33 ,,,,,,,,,,,
648,7,i,P8,8310 ,8580,7420,8103.33 ,,,,,,,,,,,
649,7,j,P1,180 ,170,320,223.33 ,,,,,,,,,,,
650,7,j,P2,570 ,560,630,586.67 ,,,,,,,,,,,
651,7,j,P3,900 ,840,850,863.33 ,,,,,,,,,,,
652,7,j,P4,890 ,750,550,730.00 ,,,,,,,,,,,
653,7,j,P5,82570 ,67590,77300,75820.00 ,,,,,,,,,,,
654,7,j,P6,55950 ,54160,47650,52586.67 ,,,,,,,,,,,
655,7,j,P7,52280 ,27130,23230,34213.33 ,,,,,,,,,,,
656,7,j,P8,8600 ,7270,6330,7400.00 ,,,,,,,,,,,
657,7,k,P1,840 ,910,860,870.00 ,,,,,,,,,,,
658,7,k,P2,1560 ,1680,1740,1660.00 ,,,,,,,,,,,
659,7,k,P3,3180 ,4070,5130,4126.67 ,,,,,,,,,,,
660,7,k,P4,14850 ,12700,16410,14653.33 ,,,,,,,,,,,
661,7,k,P5,62730 ,79440,88420,76863.33 ,,,,,,,,,,,
662,7,k,P6,55790 ,38730,47620,47380.00 ,,,,,,,,,,,
663,7,k,P7,7250 ,9510,8800,8520.00 ,,,,,,,,,,,
664,7,k,P8,5220 ,5650,5760,5543.33 ,,,,,,,,,,,
665,7,l,P1,450 ,480,620,516.67 ,,,,,,,,,,,
666,7,l,P2,1080 ,920,960,986.67 ,,,,,,,,,,,
667,7,l,P3,1440 ,2410,3620,2490.00 ,,,,,,,,,,,
668,7,l,P4,3060 ,3430,3570,3353.33 ,,,,,,,,,,,
669,7,l,P5,44410 ,48590,50540,47846.67 ,,,,,,,,,,,
670,7,l,P6,3290 ,3830,4060,3726.67 ,,,,,,,,,,,
671,7,l,P7,2940 ,2750,1500,2396.67 ,,,,,,,,,,,
672,7,l,P8,2640 ,2140,1880,2220.00 ,,,,,,,,,,,
673,8,a,P1,50 ,70,160,93.33 ,,,,,,,,,,,
674,8,a,P2,380 ,250,230,286.67 ,,,,,,,,,,,
675,8,a,P3,930 ,860,730,840.00 ,,,,,,,,,,,
676,8,a,P4,6450 ,4800,5610,5620.00 ,,,,,,,,,,,
677,8,a,P5,10850 ,11350,10600,10933.33 ,,,,,,,,,,,
678,8,a,P6,3580 ,4620,3810,4003.33 ,,,,,,,,,,,
679,8,a,P7,830 ,1020,950,933.33 ,,,,,,,,,,,
680,8,a,P8,260 ,140,120,173.33 ,,,,,,,,,,,
681,8,b,P1,130 ,170,210,170.00 ,,,,,,,,,,,
682,8,b,P2,350 ,460,380,396.67 ,,,,,,,,,,,
683,8,b,P3,1360 ,1520,1480,1453.33 ,,,,,,,,,,,
684,8,b,P4,5420 ,4330,5630,5126.67 ,,,,,,,,,,,
685,8,b,P5,11480 ,10570,11220,11090.00 ,,,,,,,,,,,
686,8,b,P6,4280 ,4930,4530,4580.00 ,,,,,,,,,,,
687,8,b,P7,650 ,660,750,686.67 ,,,,,,,,,,,
688,8,b,P8,120 ,80,70,90.00 ,,,,,,,,,,,
689,8,c,P1,60 ,40,230,110.00 ,,,,,,,,,,,
690,8,c,P2,450 ,360,390,400.00 ,,,,,,,,,,,
691,8,c,P3,1080 ,960,1130,1056.67 ,,,,,,,,,,,
692,8,c,P4,3420 ,4810,5230,4486.67 ,,,,,,,,,,,
693,8,c,P5,11290 ,11300,12640,11743.33 ,,,,,,,,,,,
694,8,c,P6,1510 ,1670,1780,1653.33 ,,,,,,,,,,,
695,8,c,P7,610 ,850,720,726.67 ,,,,,,,,,,,
696,8,c,P8,330 ,390,270,330.00 ,,,,,,,,,,,
697,8,d,P1,140 ,180,220,180.00 ,,,,,,,,,,,
698,8,d,P2,480 ,410,860,583.33 ,,,,,,,,,,,
699,8,d,P3,1860 ,2540,1930,2110.00 ,,,,,,,,,,,
700,8,d,P4,4860 ,5120,5300,5093.33 ,,,,,,,,,,,
701,8,d,P5,10510 ,13620,12450,12193.33 ,,,,,,,,,,,
702,8,d,P6,2890 ,3860,2520,3090.00 ,,,,,,,,,,,
703,8,d,P7,850 ,760,640,750.00 ,,,,,,,,,,,
704,8,d,P8,130 ,250,210,196.67 ,,,,,,,,,,,
705,8,e,P1,80 ,70,160,103.33 ,,,,,,,,,,,
706,8,e,P2,350 ,310,530,396.67 ,,,,,,,,,,,
707,8,e,P3,2590 ,2410,2430,2476.67 ,,,,,,,,,,,
708,8,e,P4,2110 ,3040,3680,2943.33 ,,,,,,,,,,,
709,8,e,P5,22200 ,25070,39010,28760.00 ,,,,,,,,,,,
710,8,e,P6,3620 ,2550,3210,3126.67 ,,,,,,,,,,,
711,8,e,P7,380 ,300,360,346.67 ,,,,,,,,,,,
712,8,e,P8,1490 ,330,550,790.00 ,,,,,,,,,,,
713,8,f,P1,420 ,220,180,273.33 ,,,,,,,,,,,
714,8,f,P2,270 ,220,350,280.00 ,,,,,,,,,,,
715,8,f,P3,310 ,140,270,240.00 ,,,,,,,,,,,
716,8,f,P4,10890 ,8950,12720,10853.33 ,,,,,,,,,,,
717,8,f,P5,12860 ,10720,11350,11643.33 ,,,,,,,,,,,
718,8,f,P6,17490 ,14450,21600,17846.67 ,,,,,,,,,,,
719,8,f,P7,3930 ,3640,4680,4083.33 ,,,,,,,,,,,
720,8,f,P8,710 ,760,830,766.67 ,,,,,,,,,,,
721,8,g,P1,3930 ,4500,5450,4626.67 ,,,,,,,,,,,
722,8,g,P2,4800 ,4850,5560,5070.00 ,,,,,,,,,,,
723,8,g,P3,880 ,1380,1780,1346.67 ,,,,,,,,,,,
724,8,g,P4,6140 ,6230,6430,6266.67 ,,,,,,,,,,,
725,8,g,P5,14220 ,14690,14160,14356.67 ,,,,,,,,,,,
726,8,g,P6,3850 ,3620,3270,3580.00 ,,,,,,,,,,,
727,8,g,P7,5150 ,4410,5290,4950.00 ,,,,,,,,,,,
728,8,g,P8,4330 ,4570,4850,4583.33 ,,,,,,,,,,,
729,8,h,P1,80 ,120,170,123.33 ,,,,,,,,,,,
730,8,h,P2,360 ,420,430,403.33 ,,,,,,,,,,,
731,8,h,P3,660 ,720,710,696.67 ,,,,,,,,,,,
732,8,h,P4,2840 ,1550,1070,1820.00 ,,,,,,,,,,,
733,8,h,P5,30730 ,32180,28110,30340.00 ,,,,,,,,,,,
734,8,h,P6,3050 ,2820,1970,2613.33 ,,,,,,,,,,,
735,8,h,P7,4230 ,3440,2610,3426.67 ,,,,,,,,,,,
736,8,h,P8,880 ,920,900,900.00 ,,,,,,,,,,,
737,8,i,P1,280 ,310,470,353.33 ,,,,,,,,,,,
738,8,i,P2,690 ,750,820,753.33 ,,,,,,,,,,,
739,8,i,P3,2860 ,2260,1700,2273.33 ,,,,,,,,,,,
740,8,i,P4,1680 ,1430,940,1350.00 ,,,,,,,,,,,
741,8,i,P5,73690 ,45710,60820,60073.33 ,,,,,,,,,,,
742,8,i,P6,18080 ,10750,14000,14276.67 ,,,,,,,,,,,
743,8,i,P7,8030 ,7370,7340,7580.00 ,,,,,,,,,,,
744,8,i,P8,4640 ,6080,4950,5223.33 ,,,,,,,,,,,
745,8,j,P1,210 ,180,120,170.00 ,,,,,,,,,,,
746,8,j,P2,1930 ,1860,1470,1753.33 ,,,,,,,,,,,
747,8,j,P3,8840 ,7620,6920,7793.33 ,,,,,,,,,,,
748,8,j,P4,2050 ,2220,2250,2173.33 ,,,,,,,,,,,
749,8,j,P5,37670 ,39030,30820,35840.00 ,,,,,,,,,,,
750,8,j,P6,8510 ,7940,6610,7686.67 ,,,,,,,,,,,
751,8,j,P7,7010 ,6080,7120,6736.67 ,,,,,,,,,,,
752,8,j,P8,5140 ,5050,4510,4900.00 ,,,,,,,,,,,
753,8,k,P1,180 ,160,210,183.33 ,,,,,,,,,,,
754,8,k,P2,350 ,390,450,396.67 ,,,,,,,,,,,
755,8,k,P3,3030 ,3850,2770,3216.67 ,,,,,,,,,,,
756,8,k,P4,3790 ,2030,5730,3850.00 ,,,,,,,,,,,
757,8,k,P5,20860 ,23460,21110,21810.00 ,,,,,,,,,,,
758,8,k,P6,3610 ,3940,4390,3980.00 ,,,,,,,,,,,
759,8,k,P7,3950 ,3160,3640,3583.33 ,,,,,,,,,,,
760,8,k,P8,2200 ,3620,4310,3376.67 ,,,,,,,,,,,
761,8,l,P1,80 ,110,60,83.33 ,,,,,,,,,,,
762,8,l,P2,150 ,120,230,166.67 ,,,,,,,,,,,
763,8,l,P3,440 ,670,600,570.00 ,,,,,,,,,,,
764,8,l,P4,2370 ,3580,2630,2860.00 ,,,,,,,,,,,
765,8,l,P5,15950 ,17470,16400,16606.67 ,,,,,,,,,,,
766,8,l,P6,2790 ,3700,3340,3276.67 ,,,,,,,,,,,
767,8,l,P7,3140 ,2930,2960,3010.00 ,,,,,,,,,,,
768,8,l,P8,3320 ,3680,3200,3400.00 ,,,,,,,,,,,
769,9,a,P1,80 ,130,150,120.00 ,,,,,,,,,,,
770,9,a,P2,150 ,230,180,186.67 ,,,,,,,,,,,
771,9,a,P3,920 ,840,1020,926.67 ,,,,,,,,,,,
772,9,a,P4,1800 ,1540,1660,1666.67 ,,,,,,,,,,,
773,9,a,P5,2680 ,2740,2650,2690.00 ,,,,,,,,,,,
774,9,a,P6,2320 ,2140,2670,2376.67 ,,,,,,,,,,,
775,9,a,P7,1080 ,1260,1330,1223.33 ,,,,,,,,,,,
776,9,a,P8,120 ,160,250,176.67 ,,,,,,,,,,,
777,9,b,P1,80 ,120,60,86.67 ,,,,,,,,,,,
778,9,b,P2,210 ,280,340,276.67 ,,,,,,,,,,,
779,9,b,P3,1020 ,960,1180,1053.33 ,,,,,,,,,,,
780,9,b,P4,1650 ,1930,1710,1763.33 ,,,,,,,,,,,
781,9,b,P5,2480 ,2160,2620,2420.00 ,,,,,,,,,,,
782,9,b,P6,1080 ,1130,1390,1200.00 ,,,,,,,,,,,
783,9,b,P7,850 ,630,710,730.00 ,,,,,,,,,,,
784,9,b,P8,120 ,150,140,136.67 ,,,,,,,,,,,
785,9,c,P1,90 ,110,120,106.67 ,,,,,,,,,,,
786,9,c,P2,170 ,150,230,183.33 ,,,,,,,,,,,
787,9,c,P3,560 ,430,470,486.67 ,,,,,,,,,,,
788,9,c,P4,1080 ,1540,1320,1313.33 ,,,,,,,,,,,
789,9,c,P5,2960 ,3560,3340,3286.67 ,,,,,,,,,,,
790,9,c,P6,1560 ,1430,1870,1620.00 ,,,,,,,,,,,
791,9,c,P7,820 ,740,890,816.67 ,,,,,,,,,,,
792,9,c,P8,120 ,140,210,156.67 ,,,,,,,,,,,
793,9,d,P1,60 ,90,110,86.67 ,,,,,,,,,,,
794,9,d,P2,230 ,360,420,336.67 ,,,,,,,,,,,
795,9,d,P3,860 ,810,1090,920.00 ,,,,,,,,,,,
796,9,d,P4,1850 ,1390,2140,1793.33 ,,,,,,,,,,,
797,9,d,P5,3230 ,3850,3660,3580.00 ,,,,,,,,,,,
798,9,d,P6,2140 ,2630,2250,2340.00 ,,,,,,,,,,,
799,9,d,P7,1080 ,1360,1420,1286.67 ,,,,,,,,,,,
800,9,d,P8,250 ,330,210,263.33 ,,,,,,,,,,,
801,9,e,P1,1390 ,810,860,1020.00 ,,,,,,,,,,,
802,9,e,P2,2080 ,2100,2170,2116.67 ,,,,,,,,,,,
803,9,e,P3,2490 ,3710,3350,3183.33 ,,,,,,,,,,,
804,9,e,P4,3400 ,5720,4790,4636.67 ,,,,,,,,,,,
805,9,e,P5,7700 ,5760,6840,6766.67 ,,,,,,,,,,,
806,9,e,P6,1240 ,830,580,883.33 ,,,,,,,,,,,
807,9,e,P7,2080 ,1470,2160,1903.33 ,,,,,,,,,,,
808,9,e,P8,660 ,670,560,630.00 ,,,,,,,,,,,
809,9,f,P1,130 ,260,320,236.67 ,,,,,,,,,,,
810,9,f,P2,900 ,930,730,853.33 ,,,,,,,,,,,
811,9,f,P3,150 ,200,300,216.67 ,,,,,,,,,,,
812,9,f,P4,390 ,330,380,366.67 ,,,,,,,,,,,
813,9,f,P5,7460 ,8550,8400,8136.67 ,,,,,,,,,,,
814,9,f,P6,390 ,80,40,170.00 ,,,,,,,,,,,
815,9,f,P7,350 ,250,200,266.67 ,,,,,,,,,,,
816,9,f,P8,2640 ,3060,3570,3090.00 ,,,,,,,,,,,
817,9,g,P1,160 ,210,180,183.33 ,,,,,,,,,,,
818,9,g,P2,1970 ,3160,2810,2646.67 ,,,,,,,,,,,
819,9,g,P3,1230 ,1360,1240,1276.67 ,,,,,,,,,,,
820,9,g,P4,8730 ,10950,11390,10356.67 ,,,,,,,,,,,
821,9,g,P5,11850 ,14250,14570,13556.67 ,,,,,,,,,,,
822,9,g,P6,600 ,700,720,673.33 ,,,,,,,,,,,
823,9,g,P7,550 ,770,380,566.67 ,,,,,,,,,,,
824,9,g,P8,3030 ,4404,3985,3806.33 ,,,,,,,,,,,
825,9,h,P1,370 ,480,590,480.00 ,,,,,,,,,,,
826,9,h,P2,440 ,590,320,450.00 ,,,,,,,,,,,
827,9,h,P3,410 ,570,350,443.33 ,,,,,,,,,,,
828,9,h,P4,2480 ,2020,1920,2140.00 ,,,,,,,,,,,
829,9,h,P5,25470 ,25500,26280,25750.00 ,,,,,,,,,,,
830,9,h,P6,310 ,410,820,513.33 ,,,,,,,,,,,
831,9,h,P7,900 ,660,860,806.67 ,,,,,,,,,,,
832,9,h,P8,2990 ,2660,2410,2686.67 ,,,,,,,,,,,
833,9,i,P1,1080 ,1270,1330,1226.67 ,,,,,,,,,,,
834,9,i,P2,2950 ,2840,3010,2933.33 ,,,,,,,,,,,
835,9,i,P3,3970 ,3680,2680,3443.33 ,,,,,,,,,,,
836,9,i,P4,32930 ,32270,31500,32233.33 ,,,,,,,,,,,
837,9,i,P5,116130 ,139650,139120,131633.33 ,,,,,,,,,,,
838,9,i,P6,52370 ,51130,50710,51403.33 ,,,,,,,,,,,
839,9,i,P7,6930 ,6770,5600,6433.33 ,,,,,,,,,,,
840,9,i,P8,1130 ,1570,1680,1460.00 ,,,,,,,,,,,
841,9,j,P1,240 ,260,350,283.33 ,,,,,,,,,,,
842,9,j,P2,840 ,860,770,823.33 ,,,,,,,,,,,
843,9,j,P3,1600 ,1530,1500,1543.33 ,,,,,,,,,,,
844,9,j,P4,1280 ,1080,760,1040.00 ,,,,,,,,,,,
845,9,j,P5,23460 ,25960,24260,24560.00 ,,,,,,,,,,,
846,9,j,P6,3270 ,4020,3620,3636.67 ,,,,,,,,,,,
847,9,j,P7,1400 ,1360,1110,1290.00 ,,,,,,,,,,,
848,9,j,P8,20 ,30,30,26.67 ,,,,,,,,,,,
849,9,k,P1,960 ,430,820,736.67 ,,,,,,,,,,,
850,9,k,P2,1640 ,1580,1660,1626.67 ,,,,,,,,,,,
851,9,k,P3,3970 ,3850,4130,3983.33 ,,,,,,,,,,,
852,9,k,P4,8400 ,8230,8650,8426.67 ,,,,,,,,,,,
853,9,k,P5,25740 ,23680,24260,24560.00 ,,,,,,,,,,,
854,9,k,P6,7620 ,5310,6520,6483.33 ,,,,,,,,,,,
855,9,k,P7,2930 ,3240,3860,3343.33 ,,,,,,,,,,,
856,9,k,P8,120 ,260,340,240.00 ,,,,,,,,,,,
857,9,l,P1,60 ,80,110,83.33 ,,,,,,,,,,,
858,9,l,P2,230 ,280,360,290.00 ,,,,,,,,,,,
859,9,l,P3,1580 ,1830,1640,1683.33 ,,,,,,,,,,,
860,9,l,P4,3580 ,3120,3320,3340.00 ,,,,,,,,,,,
861,9,l,P5,15890 ,16720,14330,15646.67 ,,,,,,,,,,,
862,9,l,P6,4860 ,4320,4550,4576.67 ,,,,,,,,,,,
863,9,l,P7,1210 ,1280,1360,1283.33 ,,,,,,,,,,,
864,9,l,P8,280 ,360,430,356.67 ,,,,,,,,,,,
865,10,a,P1,60 ,70,120,83.33 ,,,,,,,,,,,
866,10,a,P2,170 ,150,230,183.33 ,,,,,,,,,,,
867,10,a,P3,580 ,670,490,580.00 ,,,,,,,,,,,
868,10,a,P4,850 ,670,920,813.33 ,,,,,,,,,,,
869,10,a,P5,4680 ,4320,4870,4623.33 ,,,,,,,,,,,
870,10,a,P6,2310 ,2640,1980,2310.00 ,,,,,,,,,,,
871,10,a,P7,840 ,860,770,823.33 ,,,,,,,,,,,
872,10,a,P8,120 ,80,130,110.00 ,,,,,,,,,,,
873,10,b,P1,80 ,90,140,103.33 ,,,,,,,,,,,
874,10,b,P2,150 ,230,190,190.00 ,,,,,,,,,,,
875,10,b,P3,960 ,1040,880,960.00 ,,,,,,,,,,,
876,10,b,P4,1230 ,1480,1310,1340.00 ,,,,,,,,,,,
877,10,b,P5,5920 ,6610,6520,6350.00 ,,,,,,,,,,,
878,10,b,P6,2120 ,1870,1950,1980.00 ,,,,,,,,,,,
879,10,b,P7,1050 ,910,870,943.33 ,,,,,,,,,,,
880,10,b,P8,450 ,360,430,413.33 ,,,,,,,,,,,
881,10,c,P1,130 ,260,170,186.67 ,,,,,,,,,,,
882,10,c,P2,380 ,360,420,386.67 ,,,,,,,,,,,
883,10,c,P3,1210 ,1350,1380,1313.33 ,,,,,,,,,,,
884,10,c,P4,1580 ,1670,1650,1633.33 ,,,,,,,,,,,
885,10,c,P5,8530 ,7520,7760,7936.67 ,,,,,,,,,,,
886,10,c,P6,2540 ,2230,2180,2316.67 ,,,,,,,,,,,
887,10,c,P7,1050 ,1130,1280,1153.33 ,,,,,,,,,,,
888,10,c,P8,230 ,210,260,233.33 ,,,,,,,,,,,
889,10,d,P1,160 ,180,290,210.00 ,,,,,,,,,,,
890,10,d,P2,240 ,290,620,383.33 ,,,,,,,,,,,
891,10,d,P3,2980 ,2560,2670,2736.67 ,,,,,,,,,,,
892,10,d,P4,4820 ,4360,4110,4430.00 ,,,,,,,,,,,
893,10,d,P5,9080 ,10520,11320,10306.67 ,,,,,,,,,,,
894,10,d,P6,2100 ,1980,1750,1943.33 ,,,,,,,,,,,
895,10,d,P7,860 ,910,1050,940.00 ,,,,,,,,,,,
896,10,d,P8,230 ,370,250,283.33 ,,,,,,,,,,,
897,10,e,P1,460 ,220,870,516.67 ,,,,,,,,,,,
898,10,e,P2,1260 ,1060,1090,1136.67 ,,,,,,,,,,,
899,10,e,P3,890 ,2220,1900,1670.00 ,,,,,,,,,,,
900,10,e,P4,8540 ,8450,8560,8516.67 ,,,,,,,,,,,
901,10,e,P5,15130 ,15210,15290,15210.00 ,,,,,,,,,,,
902,10,e,P6,4140 ,4110,4010,4086.67 ,,,,,,,,,,,
903,10,e,P7,1100 ,730,630,820.00 ,,,,,,,,,,,
904,10,e,P8,90 ,80,130,100.00 ,,,,,,,,,,,
905,10,f,P1,2000 ,1690,1660,1783.33 ,,,,,,,,,,,
906,10,f,P2,1670 ,1460,1580,1570.00 ,,,,,,,,,,,
907,10,f,P3,1480 ,1060,950,1163.33 ,,,,,,,,,,,
908,10,f,P4,1550 ,1710,1610,1623.33 ,,,,,,,,,,,
909,10,f,P5,16690 ,16440,16680,16603.33 ,,,,,,,,,,,
910,10,f,P6,1990 ,2580,2840,2470.00 ,,,,,,,,,,,
911,10,f,P7,1730 ,1720,3530,2326.67 ,,,,,,,,,,,
912,10,f,P8,290 ,300,330,306.67 ,,,,,,,,,,,
913,10,g,P1,660 ,720,820,733.33 ,,,,,,,,,,,
914,10,g,P2,430 ,690,350,490.00 ,,,,,,,,,,,
915,10,g,P3,650 ,400,580,543.33 ,,,,,,,,,,,
916,10,g,P4,290 ,170,370,276.67 ,,,,,,,,,,,
917,10,g,P5,18400 ,18840,18210,18483.33 ,,,,,,,,,,,
918,10,g,P6,2290 ,2050,2470,2270.00 ,,,,,,,,,,,
919,10,g,P7,580 ,600,380,520.00 ,,,,,,,,,,,
920,10,g,P8,800 ,490,870,720.00 ,,,,,,,,,,,
921,10,h,P1,1050 ,1120,1160,1110.00 ,,,,,,,,,,,
922,10,h,P2,2230 ,2160,2190,2193.33 ,,,,,,,,,,,
923,10,h,P3,3440 ,3340,3670,3483.33 ,,,,,,,,,,,
924,10,h,P4,9480 ,9600,10240,9773.33 ,,,,,,,,,,,
925,10,h,P5,23280 ,22450,23210,22980.00 ,,,,,,,,,,,
926,10,h,P6,4970 ,5410,4900,5093.33 ,,,,,,,,,,,
927,10,h,P7,6920 ,4040,4130,5030.00 ,,,,,,,,,,,
928,10,h,P8,710 ,790,840,780.00 ,,,,,,,,,,,
929,10,i,P1,10500 ,12670,11860,11676.67 ,,,,,,,,,,,
930,10,i,P2,17880 ,15460,13580,15640.00 ,,,,,,,,,,,
931,10,i,P3,30090 ,21570,18930,23530.00 ,,,,,,,,,,,
932,10,i,P4,23420 ,14130,15270,17606.67 ,,,,,,,,,,,
933,10,i,P5,60500 ,42600,39910,47670.00 ,,,,,,,,,,,
934,10,i,P6,8550 ,7590,7700,7946.67 ,,,,,,,,,,,
935,10,i,P7,4120 ,4220,5220,4520.00 ,,,,,,,,,,,
936,10,i,P8,360 ,550,1170,693.33 ,,,,,,,,,,,
937,10,j,P1,1170 ,1210,1270,1216.67 ,,,,,,,,,,,
938,10,j,P2,2240 ,2360,2390,2330.00 ,,,,,,,,,,,
939,10,j,P3,3730 ,4780,5840,4783.33 ,,,,,,,,,,,
940,10,j,P4,43180 ,32900,34770,36950.00 ,,,,,,,,,,,
941,10,j,P5,57160 ,41160,45040,47786.67 ,,,,,,,,,,,
942,10,j,P6,9490 ,9650,9980,9706.67 ,,,,,,,,,,,
943,10,j,P7,3280 ,2980,3790,3350.00 ,,,,,,,,,,,
944,10,j,P8,1560 ,1320,1440,1440.00 ,,,,,,,,,,,
945,10,k,P1,510 ,460,720,563.33 ,,,,,,,,,,,
946,10,k,P2,970 ,1020,1050,1013.33 ,,,,,,,,,,,
947,10,k,P3,1650 ,1720,1600,1656.67 ,,,,,,,,,,,
948,10,k,P4,1980 ,1970,1960,1970.00 ,,,,,,,,,,,
949,10,k,P5,35130 ,26970,46410,36170.00 ,,,,,,,,,,,
950,10,k,P6,5420 ,6370,3770,5186.67 ,,,,,,,,,,,
951,10,k,P7,980 ,720,770,823.33 ,,,,,,,,,,,
952,10,k,P8,950 ,910,800,886.67 ,,,,,,,,,,,
953,10,l,P1,150 ,180,230,186.67 ,,,,,,,,,,,
954,10,l,P2,360 ,340,440,380.00 ,,,,,,,,,,,
955,10,l,P3,620 ,750,570,646.67 ,,,,,,,,,,,
956,10,l,P4,560 ,490,340,463.33 ,,,,,,,,,,,
957,10,l,P5,23960 ,24090,22730,23593.33 ,,,,,,,,,,,
958,10,l,P6,11970 ,12760,12710,12480.00 ,,,,,,,,,,,
959,10,l,P7,12670 ,11730,9320,11240.00 ,,,,,,,,,,,
960,10,l,P8,280 ,460,260,333.33 ,,,,,,,,,,,
961,11,a,P1,90 ,20,50,53.33 ,,,,,,,,,,,
962,11,a,P2,140 ,80,60,93.33 ,,,,,,,,,,,
963,11,a,P3,40 ,230,150,140.00 ,,,,,,,,,,,
964,11,a,P4,600 ,580,740,640.00 ,,,,,,,,,,,
965,11,a,P5,1900 ,2350,1840,2030.00 ,,,,,,,,,,,
966,11,a,P6,1560 ,1430,1200,1396.67 ,,,,,,,,,,,
967,11,a,P7,150 ,120,30,100.00 ,,,,,,,,,,,
968,11,a,P8,80 ,50,70,66.67 ,,,,,,,,,,,
969,11,b,P1,60 ,40,90,63.33 ,,,,,,,,,,,
970,11,b,P2,120 ,70,150,113.33 ,,,,,,,,,,,
971,11,b,P3,110 ,130,80,106.67 ,,,,,,,,,,,
972,11,b,P4,980 ,750,1020,916.67 ,,,,,,,,,,,
973,11,b,P5,2780 ,3160,2880,2940.00 ,,,,,,,,,,,
974,11,b,P6,1070 ,1180,1320,1190.00 ,,,,,,,,,,,
975,11,b,P7,380 ,250,230,286.67 ,,,,,,,,,,,
976,11,b,P8,60 ,70,90,73.33 ,,,,,,,,,,,
977,11,c,P1,40 ,90,50,60.00 ,,,,,,,,,,,
978,11,c,P2,70 ,60,120,83.33 ,,,,,,,,,,,
979,11,c,P3,150 ,260,330,246.67 ,,,,,,,,,,,
980,11,c,P4,580 ,960,770,770.00 ,,,,,,,,,,,
981,11,c,P5,2530 ,2790,2410,2576.67 ,,,,,,,,,,,
982,11,c,P6,1480 ,1620,1150,1416.67 ,,,,,,,,,,,
983,11,c,P7,240 ,320,360,306.67 ,,,,,,,,,,,
984,11,c,P8,20 ,70,50,46.67 ,,,,,,,,,,,
985,11,d,P1,30 ,60,90,60.00 ,,,,,,,,,,,
986,11,d,P2,180 ,160,90,143.33 ,,,,,,,,,,,
987,11,d,P3,230 ,380,340,316.67 ,,,,,,,,,,,
988,11,d,P4,1250 ,1210,1360,1273.33 ,,,,,,,,,,,
989,11,d,P5,4500 ,3630,3970,4033.33 ,,,,,,,,,,,
990,11,d,P6,210 ,630,480,440.00 ,,,,,,,,,,,
991,11,d,P7,60 ,70,50,60.00 ,,,,,,,,,,,
992,11,d,P8,20 ,30,80,43.33 ,,,,,,,,,,,
993,11,e,P1,270 ,320,310,300.00 ,,,,,,,,,,,
994,11,e,P2,1010 ,620,730,786.67 ,,,,,,,,,,,
995,11,e,P3,350 ,100,60,170.00 ,,,,,,,,,,,
996,11,e,P4,6950 ,5270,6160,6126.67 ,,,,,,,,,,,
997,11,e,P5,8790 ,8940,7930,8553.33 ,,,,,,,,,,,
998,11,e,P6,5220 ,3860,4100,4393.33 ,,,,,,,,,,,
999,11,e,P7,230 ,200,100,176.67 ,,,,,,,,,,,
1000,11,e,P8,350 ,250,360,320.00 ,,,,,,,,,,,
1001,11,f,P1,250 ,540,360,383.33 ,,,,,,,,,,,
1002,11,f,P2,500 ,530,610,546.67 ,,,,,,,,,,,
1003,11,f,P3,140 ,250,210,200.00 ,,,,,,,,,,,
1004,11,f,P4,130 ,110,140,126.67 ,,,,,,,,,,,
1005,11,f,P5,9510 ,9330,9400,9413.33 ,,,,,,,,,,,
1006,11,f,P6,270 ,140,210,206.67 ,,,,,,,,,,,
1007,11,f,P7,190 ,90,90,123.33 ,,,,,,,,,,,
1008,11,f,P8,110 ,80,110,100.00 ,,,,,,,,,,,
1009,11,g,P1,210 ,330,350,296.67 ,,,,,,,,,,,
1010,11,g,P2,880 ,670,650,733.33 ,,,,,,,,,,,
1011,11,g,P3,260 ,40,120,140.00 ,,,,,,,,,,,
1012,11,g,P4,670 ,190,110,323.33 ,,,,,,,,,,,
1013,11,g,P5,12300 ,10740,11480,11506.67 ,,,,,,,,,,,
1014,11,g,P6,4430 ,3610,3580,3873.33 ,,,,,,,,,,,
1015,11,g,P7,170 ,140,100,136.67 ,,,,,,,,,,,
1016,11,g,P8,230 ,260,340,276.67 ,,,,,,,,,,,
1017,11,h,P1,730 ,570,760,686.67 ,,,,,,,,,,,
1018,11,h,P2,960 ,970,820,916.67 ,,,,,,,,,,,
1019,11,h,P3,1230 ,1240,920,1130.00 ,,,,,,,,,,,
1020,11,h,P4,5250 ,6230,6200,5893.33 ,,,,,,,,,,,
1021,11,h,P5,25320 ,24940,26860,25706.67 ,,,,,,,,,,,
1022,11,h,P6,1760 ,1750,1030,1513.33 ,,,,,,,,,,,
1023,11,h,P7,440 ,370,770,526.67 ,,,,,,,,,,,
1024,11,h,P8,260 ,270,510,346.67 ,,,,,,,,,,,
1025,11,i,P1,1560 ,1430,1580,1523.33 ,,,,,,,,,,,
1026,11,i,P2,2460 ,2810,2060,2443.33 ,,,,,,,,,,,
1027,11,i,P3,3630 ,3990,3770,3796.67 ,,,,,,,,,,,
1028,11,i,P4,5140 ,5280,5260,5226.67 ,,,,,,,,,,,
1029,11,i,P5,39980 ,39460,38650,39363.33 ,,,,,,,,,,,
1030,11,i,P6,5350 ,5070,6140,5520.00 ,,,,,,,,,,,
1031,11,i,P7,280 ,310,490,360.00 ,,,,,,,,,,,
1032,11,i,P8,710 ,810,590,703.33 ,,,,,,,,,,,
1033,11,j,P1,460 ,550,490,500.00 ,,,,,,,,,,,
1034,11,j,P2,380 ,460,750,530.00 ,,,,,,,,,,,
1035,11,j,P3,470 ,710,760,646.67 ,,,,,,,,,,,
1036,11,j,P4,880 ,630,680,730.00 ,,,,,,,,,,,
1037,11,j,P5,13350 ,15800,16730,15293.33 ,,,,,,,,,,,
1038,11,j,P6,2710 ,2870,2820,2800.00 ,,,,,,,,,,,
1039,11,j,P7,1110 ,1680,1730,1506.67 ,,,,,,,,,,,
1040,11,j,P8,500 ,690,810,666.67 ,,,,,,,,,,,
1041,11,k,P1,630 ,580,510,573.33 ,,,,,,,,,,,
1042,11,k,P2,760 ,810,880,816.67 ,,,,,,,,,,,
1043,11,k,P3,1200 ,1140,1360,1233.33 ,,,,,,,,,,,
1044,11,k,P4,4230 ,3340,4420,3996.67 ,,,,,,,,,,,
1045,11,k,P5,12260 ,10570,12280,11703.33 ,,,,,,,,,,,
1046,11,k,P6,5290 ,5230,5330,5283.33 ,,,,,,,,,,,
1047,11,k,P7,350 ,460,580,463.33 ,,,,,,,,,,,
1048,11,k,P8,210 ,280,530,340.00 ,,,,,,,,,,,
1049,11,l,P1,210 ,260,270,246.67 ,,,,,,,,,,,
1050,11,l,P2,150 ,130,280,186.67 ,,,,,,,,,,,
1051,11,l,P3,450 ,330,580,453.33 ,,,,,,,,,,,
1052,11,l,P4,610 ,650,690,650.00 ,,,,,,,,,,,
1053,11,l,P5,9260 ,9280,9250,9263.33 ,,,,,,,,,,,
1054,11,l,P6,1180 ,1460,2900,1846.67 ,,,,,,,,,,,
1055,11,l,P7,960 ,760,650,790.00 ,,,,,,,,,,,
1056,11,l,P8,740 ,990,830,853.33 ,,,,,,,,,,,
1057,12,a,P1,50 ,60,120,76.67 ,,,,,,,,,,,
1058,12,a,P2,90 ,70,140,100.00 ,,,,,,,,,,,
1059,12,a,P3,480 ,690,580,583.33 ,,,,,,,,,,,
1060,12,a,P4,1210 ,1350,1420,1326.67 ,,,,,,,,,,,
1061,12,a,P5,2890 ,2550,2730,2723.33 ,,,,,,,,,,,
1062,12,a,P6,810 ,760,720,763.33 ,,,,,,,,,,,
1063,12,a,P7,320 ,280,270,290.00 ,,,,,,,,,,,
1064,12,a,P8,160 ,150,230,180.00 ,,,,,,,,,,,
1065,12,b,P1,60 ,80,70,70.00 ,,,,,,,,,,,
1066,12,b,P2,120 ,130,90,113.33 ,,,,,,,,,,,
1067,12,b,P3,360 ,580,570,503.33 ,,,,,,,,,,,
1068,12,b,P4,1230 ,1450,1330,1336.67 ,,,,,,,,,,,
1069,12,b,P5,3670 ,3540,3910,3706.67 ,,,,,,,,,,,
1070,12,b,P6,860 ,850,740,816.67 ,,,,,,,,,,,
1071,12,b,P7,320 ,510,400,410.00 ,,,,,,,,,,,
1072,12,b,P8,120 ,110,190,140.00 ,,,,,,,,,,,
1073,12,c,P1,50 ,60,90,66.67 ,,,,,,,,,,,
1074,12,c,P2,130 ,120,50,100.00 ,,,,,,,,,,,
1075,12,c,P3,1040 ,1280,1430,1250.00 ,,,,,,,,,,,
1076,12,c,P4,2950 ,3010,2870,2943.33 ,,,,,,,,,,,
1077,12,c,P5,5320 ,4890,5510,5240.00 ,,,,,,,,,,,
1078,12,c,P6,3360 ,3510,3440,3436.67 ,,,,,,,,,,,
1079,12,c,P7,1200 ,1350,1460,1336.67 ,,,,,,,,,,,
1080,12,c,P8,690 ,570,440,566.67 ,,,,,,,,,,,
1081,12,d,P1,60 ,80,140,93.33 ,,,,,,,,,,,
1082,12,d,P2,110 ,90,130,110.00 ,,,,,,,,,,,
1083,12,d,P3,1230 ,1410,1550,1396.67 ,,,,,,,,,,,
1084,12,d,P4,4310 ,4650,4970,4643.33 ,,,,,,,,,,,
1085,12,d,P5,7520 ,8320,7170,7670.00 ,,,,,,,,,,,
1086,12,d,P6,3180 ,3090,2850,3040.00 ,,,,,,,,,,,
1087,12,d,P7,1490 ,1320,1330,1380.00 ,,,,,,,,,,,
1088,12,d,P8,590 ,560,620,590.00 ,,,,,,,,,,,
1089,12,e,P1,670 ,810,620,700.00 ,,,,,,,,,,,
1090,12,e,P2,360 ,380,590,443.33 ,,,,,,,,,,,
1091,12,e,P3,260 ,310,690,420.00 ,,,,,,,,,,,
1092,12,e,P4,2910 ,1960,2320,2396.67 ,,,,,,,,,,,
1093,12,e,P5,12420 ,12260,10690,11790.00 ,,,,,,,,,,,
1094,12,e,P6,8750 ,8630,7510,8296.67 ,,,,,,,,,,,
1095,12,e,P7,610 ,270,480,453.33 ,,,,,,,,,,,
1096,12,e,P8,650 ,780,1330,920.00 ,,,,,,,,,,,
1097,12,f,P1,320 ,240,150,236.67 ,,,,,,,,,,,
1098,12,f,P2,1150 ,950,550,883.33 ,,,,,,,,,,,
1099,12,f,P3,4790 ,4470,3830,4363.33 ,,,,,,,,,,,
1100,12,f,P4,46260 ,40180,44850,43763.33 ,,,,,,,,,,,
1101,12,f,P5,14390 ,11210,13380,12993.33 ,,,,,,,,,,,
1102,12,f,P6,28830 ,38840,32510,33393.33 ,,,,,,,,,,,
1103,12,f,P7,17550 ,12710,14440,14900.00 ,,,,,,,,,,,
1104,12,f,P8,3480 ,3200,4910,3863.33 ,,,,,,,,,,,
1105,12,g,P1,90 ,30,20,46.67 ,,,,,,,,,,,
1106,12,g,P2,150 ,70,50,90.00 ,,,,,,,,,,,
1107,12,g,P3,250 ,130,70,150.00 ,,,,,,,,,,,
1108,12,g,P4,440 ,350,140,310.00 ,,,,,,,,,,,
1109,12,g,P5,24670 ,28360,23880,25636.67 ,,,,,,,,,,,
1110,12,g,P6,67130 ,75930,84860,75973.33 ,,,,,,,,,,,
1111,12,g,P7,56360 ,55420,57700,56493.33 ,,,,,,,,,,,
1112,12,g,P8,960 ,780,570,770.00 ,,,,,,,,,,,
1113,12,h,P1,580 ,590,630,600.00 ,,,,,,,,,,,
1114,12,h,P2,1020 ,980,940,980.00 ,,,,,,,,,,,
1115,12,h,P3,1680 ,1790,1320,1596.67 ,,,,,,,,,,,
1116,12,h,P4,36870 ,36700,35620,36396.67 ,,,,,,,,,,,
1117,12,h,P5,64270 ,56760,63350,61460.00 ,,,,,,,,,,,
1118,12,h,P6,23900 ,21810,22480,22730.00 ,,,,,,,,,,,
1119,12,h,P7,10460 ,10340,10350,10383.33 ,,,,,,,,,,,
1120,12,h,P8,5290 ,5300,5630,5406.67 ,,,,,,,,,,,
1121,12,i,P1,2450 ,2760,2530,2580.00 ,,,,,,,,,,,
1122,12,i,P2,6890 ,6320,6510,6573.33 ,,,,,,,,,,,
1123,12,i,P3,15670 ,12010,12590,13423.33 ,,,,,,,,,,,
1124,12,i,P4,24740 ,22720,22780,23413.33 ,,,,,,,,,,,
1125,12,i,P5,178590 ,174210,181420,178073.33 ,,,,,,,,,,,
1126,12,i,P6,59560 ,56750,52450,56253.33 ,,,,,,,,,,,
1127,12,i,P7,4660 ,4320,4120,4366.67 ,,,,,,,,,,,
1128,12,i,P8,3640 ,3250,3100,3330.00 ,,,,,,,,,,,
1129,12,j,P1,1050 ,980,1160,1063.33 ,,,,,,,,,,,
1130,12,j,P2,5340 ,5220,5160,5240.00 ,,,,,,,,,,,
1131,12,j,P3,19370 ,17140,15040,17183.33 ,,,,,,,,,,,
1132,12,j,P4,25910 ,13890,15720,18506.67 ,,,,,,,,,,,
1133,12,j,P5,32400 ,24210,21570,26060.00 ,,,,,,,,,,,
1134,12,j,P6,9270 ,7920,7910,8366.67 ,,,,,,,,,,,
1135,12,j,P7,13120 ,12380,9850,11783.33 ,,,,,,,,,,,
1136,12,j,P8,3190 ,3320,4750,3753.33 ,,,,,,,,,,,
1137,12,k,P1,630 ,870,750,750.00 ,,,,,,,,,,,
1138,12,k,P2,1320 ,1540,1490,1450.00 ,,,,,,,,,,,
1139,12,k,P3,5490 ,5380,6080,5650.00 ,,,,,,,,,,,
1140,12,k,P4,6170 ,5880,6790,6280.00 ,,,,,,,,,,,
1141,12,k,P5,21010 ,20630,21630,21090.00 ,,,,,,,,,,,
1142,12,k,P6,1020 ,1120,1090,1076.67 ,,,,,,,,,,,
1143,12,k,P7,1450 ,1530,940,1306.67 ,,,,,,,,,,,
1144,12,k,P8,660 ,630,830,706.67 ,,,,,,,,,,,
1145,12,l,P1,360 ,260,120,246.67 ,,,,,,,,,,,
1146,12,l,P2,480 ,490,560,510.00 ,,,,,,,,,,,
1147,12,l,P3,450 ,410,480,446.67 ,,,,,,,,,,,
1148,12,l,P4,2540 ,2240,2120,2300.00 ,,,,,,,,,,,
1149,12,l,P5,20780 ,20580,20460,20606.67 ,,,,,,,,,,,
1150,12,l,P6,3200 ,3190,3080,3156.67 ,,,,,,,,,,,
1151,12,l,P7,130 ,220,220,190.00 ,,,,,,,,,,,
1152,12,l,P8,200 ,250,210,220.00 ,,,,,,,,,,,
1153,13,a,P1,50 ,60,110,73.33 ,,,,,,,,,,,
1154,13,a,P2,150 ,260,210,206.67 ,,,,,,,,,,,
1155,13,a,P3,350 ,420,370,380.00 ,,,,,,,,,,,
1156,13,a,P4,590 ,630,750,656.67 ,,,,,,,,,,,
1157,13,a,P5,1680 ,1820,1960,1820.00 ,,,,,,,,,,,
1158,13,a,P6,1010 ,1320,1220,1183.33 ,,,,,,,,,,,
1159,13,a,P7,450 ,420,470,446.67 ,,,,,,,,,,,
1160,13,a,P8,280 ,210,380,290.00 ,,,,,,,,,,,
1161,13,b,P1,80 ,120,90,96.67 ,,,,,,,,,,,
1162,13,b,P2,80 ,110,130,106.67 ,,,,,,,,,,,
1163,13,b,P3,420 ,410,560,463.33 ,,,,,,,,,,,
1164,13,b,P4,1080 ,960,930,990.00 ,,,,,,,,,,,
1165,13,b,P5,2760 ,2360,2580,2566.67 ,,,,,,,,,,,
1166,13,b,P6,1080 ,1320,1180,1193.33 ,,,,,,,,,,,
1167,13,b,P7,690 ,850,750,763.33 ,,,,,,,,,,,
1168,13,b,P8,210 ,150,100,153.33 ,,,,,,,,,,,
1169,13,c,P1,80 ,70,110,86.67 ,,,,,,,,,,,
1170,13,c,P2,160 ,150,80,130.00 ,,,,,,,,,,,
1171,13,c,P3,320 ,460,450,410.00 ,,,,,,,,,,,
1172,13,c,P4,1230 ,1180,1830,1413.33 ,,,,,,,,,,,
1173,13,c,P5,3450 ,3210,2960,3206.67 ,,,,,,,,,,,
1174,13,c,P6,1260 ,1080,960,1100.00 ,,,,,,,,,,,
1175,13,c,P7,240 ,180,260,226.67 ,,,,,,,,,,,
1176,13,c,P8,80 ,90,110,93.33 ,,,,,,,,,,,
1177,13,d,P1,90 ,20,50,53.33 ,,,,,,,,,,,
1178,13,d,P2,120 ,170,160,150.00 ,,,,,,,,,,,
1179,13,d,P3,580 ,560,630,590.00 ,,,,,,,,,,,
1180,13,d,P4,1860 ,2150,1930,1980.00 ,,,,,,,,,,,
1181,13,d,P5,4200 ,4150,3960,4103.33 ,,,,,,,,,,,
1182,13,d,P6,1520 ,1460,1380,1453.33 ,,,,,,,,,,,
1183,13,d,P7,860 ,740,660,753.33 ,,,,,,,,,,,
1184,13,d,P8,130 ,150,180,153.33 ,,,,,,,,,,,
1185,13,e,P1,90 ,150,120,120.00 ,,,,,,,,,,,
1186,13,e,P2,210 ,40,50,100.00 ,,,,,,,,,,,
1187,13,e,P3,320 ,170,40,176.67 ,,,,,,,,,,,
1188,13,e,P4,400 ,210,150,253.33 ,,,,,,,,,,,
1189,13,e,P5,5780 ,4540,4500,4940.00 ,,,,,,,,,,,
1190,13,e,P6,1510 ,1790,1130,1476.67 ,,,,,,,,,,,
1191,13,e,P7,1030 ,1430,1430,1296.67 ,,,,,,,,,,,
1192,13,e,P8,1420 ,1900,1970,1763.33 ,,,,,,,,,,,
1193,13,f,P1,1660 ,1260,1180,1366.67 ,,,,,,,,,,,
1194,13,f,P2,90 ,150,180,140.00 ,,,,,,,,,,,
1195,13,f,P3,530 ,290,470,430.00 ,,,,,,,,,,,
1196,13,f,P4,1920 ,1640,1900,1820.00 ,,,,,,,,,,,
1197,13,f,P5,7570 ,7020,7590,7393.33 ,,,,,,,,,,,
1198,13,f,P6,150 ,160,130,146.67 ,,,,,,,,,,,
1199,13,f,P7,1450 ,1310,1410,1390.00 ,,,,,,,,,,,
1200,13,f,P8,20 ,100,110,76.67 ,,,,,,,,,,,
1201,13,g,P1,140 ,70,90,100.00 ,,,,,,,,,,,
1202,13,g,P2,190 ,160,140,163.33 ,,,,,,,,,,,
1203,13,g,P3,1020 ,1040,1100,1053.33 ,,,,,,,,,,,
1204,13,g,P4,240 ,200,150,196.67 ,,,,,,,,,,,
1205,13,g,P5,5490 ,5310,5490,5430.00 ,,,,,,,,,,,
1206,13,g,P6,8070 ,8890,10660,9206.67 ,,,,,,,,,,,
1207,13,g,P7,1140 ,940,1540,1206.67 ,,,,,,,,,,,
1208,13,g,P8,210 ,310,850,456.67 ,,,,,,,,,,,
1209,13,h,P1,360 ,450,320,376.67 ,,,,,,,,,,,
1210,13,h,P2,590 ,660,610,620.00 ,,,,,,,,,,,
1211,13,h,P3,720 ,640,480,613.33 ,,,,,,,,,,,
1212,13,h,P4,3950 ,3890,3710,3850.00 ,,,,,,,,,,,
1213,13,h,P5,12620 ,13700,12730,13016.67 ,,,,,,,,,,,
1214,13,h,P6,1150 ,930,1240,1106.67 ,,,,,,,,,,,
1215,13,h,P7,510 ,290,740,513.33 ,,,,,,,,,,,
1216,13,h,P8,760 ,740,670,723.33 ,,,,,,,,,,,
1217,13,i,P1,1890 ,2360,1930,2060.00 ,,,,,,,,,,,
1218,13,i,P2,3550 ,4520,3730,3933.33 ,,,,,,,,,,,
1219,13,i,P3,6200 ,5900,5960,6020.00 ,,,,,,,,,,,
1220,13,i,P4,8650 ,7740,6680,7690.00 ,,,,,,,,,,,
1221,13,i,P5,31090 ,30510,30220,30606.67 ,,,,,,,,,,,
1222,13,i,P6,6300 ,4420,6540,5753.33 ,,,,,,,,,,,
1223,13,i,P7,5060 ,6730,4210,5333.33 ,,,,,,,,,,,
1224,13,i,P8,920 ,790,580,763.33 ,,,,,,,,,,,
1225,13,j,P1,230 ,450,360,346.67 ,,,,,,,,,,,
1226,13,j,P2,260 ,490,620,456.67 ,,,,,,,,,,,
1227,13,j,P3,690 ,500,620,603.33 ,,,,,,,,,,,
1228,13,j,P4,5430 ,5490,5820,5580.00 ,,,,,,,,,,,
1229,13,j,P5,21650 ,25250,24200,23700.00 ,,,,,,,,,,,
1230,13,j,P6,1050 ,1240,1100,1130.00 ,,,,,,,,,,,
1231,13,j,P7,580 ,220,120,306.67 ,,,,,,,,,,,
1232,13,j,P8,300 ,100,270,223.33 ,,,,,,,,,,,
1233,13,k,P1,280 ,270,310,286.67 ,,,,,,,,,,,
1234,13,k,P2,360 ,250,320,310.00 ,,,,,,,,,,,
1235,13,k,P3,540 ,660,780,660.00 ,,,,,,,,,,,
1236,13,k,P4,870 ,960,770,866.67 ,,,,,,,,,,,
1237,13,k,P5,21300 ,21950,20890,21380.00 ,,,,,,,,,,,
1238,13,k,P6,630 ,480,570,560.00 ,,,,,,,,,,,
1239,13,k,P7,590 ,760,720,690.00 ,,,,,,,,,,,
1240,13,k,P8,60 ,50,50,53.33 ,,,,,,,,,,,
1241,13,l,P1,120 ,320,260,233.33 ,,,,,,,,,,,
1242,13,l,P2,190 ,250,360,266.67 ,,,,,,,,,,,
1243,13,l,P3,1210 ,1330,1260,1266.67 ,,,,,,,,,,,
1244,13,l,P4,6400 ,5920,6120,6146.67 ,,,,,,,,,,,
1245,13,l,P5,16820 ,12420,18720,15986.67 ,,,,,,,,,,,
1246,13,l,P6,680 ,640,690,670.00 ,,,,,,,,,,,
1247,13,l,P7,130 ,150,100,126.67 ,,,,,,,,,,,
1248,13,l,P8,230 ,360,210,266.67 ,,,,,,,,,,,
1249,14,a,P1,60 ,40,20,40.00 ,,,,,,,,,,,
1250,14,a,P2,130 ,120,70,106.67 ,,,,,,,,,,,
1251,14,a,P3,480 ,260,330,356.67 ,,,,,,,,,,,
1252,14,a,P4,570 ,520,630,573.33 ,,,,,,,,,,,
1253,14,a,P5,1230 ,1080,1350,1220.00 ,,,,,,,,,,,
1254,14,a,P6,230 ,280,360,290.00 ,,,,,,,,,,,
1255,14,a,P7,110 ,80,60,83.33 ,,,,,,,,,,,
1256,14,a,P8,70 ,90,120,93.33 ,,,,,,,,,,,
1257,14,b,P1,40 ,30,70,46.67 ,,,,,,,,,,,
1258,14,b,P2,130 ,30,50,70.00 ,,,,,,,,,,,
1259,14,b,P3,260 ,280,330,290.00 ,,,,,,,,,,,
1260,14,b,P4,550 ,460,780,596.67 ,,,,,,,,,,,
1261,14,b,P5,2430 ,2510,2640,2526.67 ,,,,,,,,,,,
1262,14,b,P6,1840 ,1560,1470,1623.33 ,,,,,,,,,,,
1263,14,b,P7,540 ,470,510,506.67 ,,,,,,,,,,,
1264,14,b,P8,230 ,210,180,206.67 ,,,,,,,,,,,
1265,14,c,P1,80 ,70,90,80.00 ,,,,,,,,,,,
1266,14,c,P2,180 ,160,180,173.33 ,,,,,,,,,,,
1267,14,c,P3,670 ,520,650,613.33 ,,,,,,,,,,,
1268,14,c,P4,740 ,820,580,713.33 ,,,,,,,,,,,
1269,14,c,P5,2650 ,2830,2570,2683.33 ,,,,,,,,,,,
1270,14,c,P6,1910 ,1730,1880,1840.00 ,,,,,,,,,,,
1271,14,c,P7,660 ,610,750,673.33 ,,,,,,,,,,,
1272,14,c,P8,150 ,180,240,190.00 ,,,,,,,,,,,
1273,14,d,P1,90 ,120,150,120.00 ,,,,,,,,,,,
1274,14,d,P2,160 ,190,140,163.33 ,,,,,,,,,,,
1275,14,d,P3,270 ,320,350,313.33 ,,,,,,,,,,,
1276,14,d,P4,560 ,580,620,586.67 ,,,,,,,,,,,
1277,14,d,P5,2590 ,2630,2470,2563.33 ,,,,,,,,,,,
1278,14,d,P6,1920 ,2130,1840,1963.33 ,,,,,,,,,,,
1279,14,d,P7,680 ,720,810,736.67 ,,,,,,,,,,,
1280,14,d,P8,120 ,170,250,180.00 ,,,,,,,,,,,
1281,14,e,P1,580 ,400,740,573.33 ,,,,,,,,,,,
1282,14,e,P2,290 ,130,160,193.33 ,,,,,,,,,,,
1283,14,e,P3,590 ,630,740,653.33 ,,,,,,,,,,,
1284,14,e,P4,1520 ,1470,1390,1460.00 ,,,,,,,,,,,
1285,14,e,P5,3940 ,3320,3580,3613.33 ,,,,,,,,,,,
1286,14,e,P6,1080 ,1180,1050,1103.33 ,,,,,,,,,,,
1287,14,e,P7,360 ,470,380,403.33 ,,,,,,,,,,,
1288,14,e,P8,180 ,120,110,136.67 ,,,,,,,,,,,
1289,14,f,P1,570 ,440,540,516.67 ,,,,,,,,,,,
1290,14,f,P2,290 ,280,290,286.67 ,,,,,,,,,,,
1291,14,f,P3,780 ,830,840,816.67 ,,,,,,,,,,,
1292,14,f,P4,1740 ,1860,1780,1793.33 ,,,,,,,,,,,
1293,14,f,P5,5320 ,5180,5240,5246.67 ,,,,,,,,,,,
1294,14,f,P6,960 ,890,980,943.33 ,,,,,,,,,,,
1295,14,f,P7,490 ,440,450,460.00 ,,,,,,,,,,,
1296,14,f,P8,310 ,340,380,343.33 ,,,,,,,,,,,
1297,14,g,P1,250 ,390,190,276.67 ,,,,,,,,,,,
1298,14,g,P2,1550 ,900,1140,1196.67 ,,,,,,,,,,,
1299,14,g,P3,1870 ,1620,1730,1740.00 ,,,,,,,,,,,
1300,14,g,P4,1930 ,1850,1620,1800.00 ,,,,,,,,,,,
1301,14,g,P5,3980 ,3020,2920,3306.67 ,,,,,,,,,,,
1302,14,g,P6,1320 ,1280,1250,1283.33 ,,,,,,,,,,,
1303,14,g,P7,680 ,670,730,693.33 ,,,,,,,,,,,
1304,14,g,P8,290 ,440,420,383.33 ,,,,,,,,,,,
1305,14,h,P1,320 ,460,480,420.00 ,,,,,,,,,,,
1306,14,h,P2,680 ,770,650,700.00 ,,,,,,,,,,,
1307,14,h,P3,1020 ,930,870,940.00 ,,,,,,,,,,,
1308,14,h,P4,1530 ,1700,1690,1640.00 ,,,,,,,,,,,
1309,14,h,P5,7330 ,7210,7090,7210.00 ,,,,,,,,,,,
1310,14,h,P6,1320 ,1460,1330,1370.00 ,,,,,,,,,,,
1311,14,h,P7,960 ,790,880,876.67 ,,,,,,,,,,,
1312,14,h,P8,450 ,380,470,433.33 ,,,,,,,,,,,
1313,14,i,P1,230,370,410,336.67 ,,,,,,,,,,,
1314,14,i,P2,150,120,120,130.00 ,,,,,,,,,,,
1315,14,i,P3,660,580,970,736.67 ,,,,,,,,,,,
1316,14,i,P4,1170,1170,1360,1233.33 ,,,,,,,,,,,
1317,14,i,P5,12620,12670,12820,12703.33 ,,,,,,,,,,,
1318,14,i,P6,1150,1230,1210,1196.67 ,,,,,,,,,,,
1319,14,i,P7,100,160,350,203.33 ,,,,,,,,,,,
1320,14,i,P8,110,290,490,296.67 ,,,,,,,,,,,
1321,14,j,P1,170 ,280,250,233.33 ,,,,,,,,,,,
1322,14,j,P2,330 ,240,360,310.00 ,,,,,,,,,,,
1323,14,j,P3,490 ,510,560,520.00 ,,,,,,,,,,,
1324,14,j,P4,870 ,720,780,790.00 ,,,,,,,,,,,
1325,14,j,P5,8820 ,8990,8870,8893.33 ,,,,,,,,,,,
1326,14,j,P6,1220 ,1170,1050,1146.67 ,,,,,,,,,,,
1327,14,j,P7,130 ,170,240,180.00 ,,,,,,,,,,,
1328,14,j,P8,80 ,90,120,96.67 ,,,,,,,,,,,
1329,14,k,P1,70 ,140,120,110.00 ,,,,,,,,,,,
1330,14,k,P2,150 ,170,210,176.67 ,,,,,,,,,,,
1331,14,k,P3,470 ,390,450,436.67 ,,,,,,,,,,,
1332,14,k,P4,940 ,920,870,910.00 ,,,,,,,,,,,
1333,14,k,P5,6460 ,7330,7270,7020.00 ,,,,,,,,,,,
1334,14,k,P6,1200 ,1140,1240,1193.33 ,,,,,,,,,,,
1335,14,k,P7,1550 ,1320,1210,1360.00 ,,,,,,,,,,,
1336,14,k,P8,780 ,610,790,726.67 ,,,,,,,,,,,
1337,14,l,P1,80 ,20,30,43.33 ,,,,,,,,,,,
1338,14,l,P2,70 ,110,80,86.67 ,,,,,,,,,,,
1339,14,l,P3,90 ,90,120,100.00 ,,,,,,,,,,,
1340,14,l,P4,160 ,230,290,226.67 ,,,,,,,,,,,
1341,14,l,P5,5930 ,5920,5870,5906.67 ,,,,,,,,,,,
1342,14,l,P6,1130 ,980,1220,1110.00 ,,,,,,,,,,,
1343,14,l,P7,860 ,720,690,756.67 ,,,,,,,,,,,
1344,14,l,P8,260 ,350,470,360.00 ,,,,,,,,,,,
1345,15,a,P1,20 ,20,20,20.00 ,,,,,,,,,,,
1346,15,a,P2,70 ,170,410,216.67 ,,,,,,,,,,,
1347,15,a,P3,280,440,370,363.33 ,,,,,,,,,,,
1348,15,a,P4,870 ,940,910,906.67 ,,,,,,,,,,,
1349,15,a,P5,2850 ,2640,2730,2740.00 ,,,,,,,,,,,
1350,15,a,P6,860 ,840,720,806.67 ,,,,,,,,,,,
1351,15,a,P7,350 ,270,280,300.00 ,,,,,,,,,,,
1352,15,a,P8,60 ,90,120,90.00 ,,,,,,,,,,,
1353,15,b,P1,190 ,80,150,140.00 ,,,,,,,,,,,
1354,15,b,P2,170 ,220,580,323.33 ,,,,,,,,,,,
1355,15,b,P3,280,100,90,156.67 ,,,,,,,,,,,
1356,15,b,P4,890,430,280,533.33 ,,,,,,,,,,,
1357,15,b,P5,1820,1530,1300,1550.00 ,,,,,,,,,,,
1358,15,b,P6,830,950,1320,1033.33 ,,,,,,,,,,,
1359,15,b,P7,340,500,470,436.67 ,,,,,,,,,,,
1360,15,b,P8,500,600,450,516.67 ,,,,,,,,,,,
1361,15,c,P1,60 ,40,70,56.67 ,,,,,,,,,,,
1362,15,c,P2,240 ,430,690,453.33 ,,,,,,,,,,,
1363,15,c,P3,1060,620,380,686.67 ,,,,,,,,,,,
1364,15,c,P4,1510,1390,960,1286.67 ,,,,,,,,,,,
1365,15,c,P5,2910,3630,4790,3776.67 ,,,,,,,,,,,
1366,15,c,P6,320,650,830,600.00 ,,,,,,,,,,,
1367,15,c,P7,120,90,160,123.33 ,,,,,,,,,,,
1368,15,c,P8,600,460,460,506.67 ,,,,,,,,,,,
1369,15,d,P1,390,470,230,363.33 ,,,,,,,,,,,
1370,15,d,P2,310,410,590,436.67 ,,,,,,,,,,,
1371,15,d,P3,450,460,470,460.00 ,,,,,,,,,,,
1372,15,d,P4,650,480,300,476.67 ,,,,,,,,,,,
1373,15,d,P5,1510,1250,1310,1356.67 ,,,,,,,,,,,
1374,15,d,P6,290,250,430,323.33 ,,,,,,,,,,,
1375,15,d,P7,130,130,150,136.67 ,,,,,,,,,,,
1376,15,d,P8,90,50,60,66.67 ,,,,,,,,,,,
1377,15,e,P1,130 ,120,100,116.67 ,,,,,,,,,,,
1378,15,e,P2,380 ,830,520,576.67 ,,,,,,,,,,,
1379,15,e,P3,230,60,20,103.33 ,,,,,,,,,,,
1380,15,e,P4,630,140,120,296.67 ,,,,,,,,,,,
1381,15,e,P5,5180,5150,5290,5206.67 ,,,,,,,,,,,
1382,15,e,P6,760,760,700,740.00 ,,,,,,,,,,,
1383,15,e,P7,530,720,590,613.33 ,,,,,,,,,,,
1384,15,e,P8,160,40,100,100.00 ,,,,,,,,,,,
1385,15,f,P1,150 ,80,170,133.33 ,,,,,,,,,,,
1386,15,f,P2,540 ,460,880,626.67 ,,,,,,,,,,,
1387,15,f,P3,260,310,140,236.67 ,,,,,,,,,,,
1388,15,f,P4,350,190,220,253.33 ,,,,,,,,,,,
1389,15,f,P5,6310,6980,6090,6460.00 ,,,,,,,,,,,
1390,15,f,P6,80,90,80,83.33 ,,,,,,,,,,,
1391,15,f,P7,40,70,60,56.67 ,,,,,,,,,,,
1392,15,f,P8,40,20,30,30.00 ,,,,,,,,,,,
1393,15,g,P1,280 ,310,310,300.00 ,,,,,,,,,,,
1394,15,g,P2,610 ,790,730,710.00 ,,,,,,,,,,,
1395,15,g,P3,160,90,150,133.33 ,,,,,,,,,,,
1396,15,g,P4,140,20,90,83.33 ,,,,,,,,,,,
1397,15,g,P5,7760,7870,7550,7726.67 ,,,,,,,,,,,
1398,15,g,P6,210,80,90,126.67 ,,,,,,,,,,,
1399,15,g,P7,60,90,110,86.67 ,,,,,,,,,,,
1400,15,g,P8,160,170,430,253.33 ,,,,,,,,,,,
1401,15,h,P1,430,510,430,456.67 ,,,,,,,,,,,
1402,15,h,P2,560,630,820,670.00 ,,,,,,,,,,,
1403,15,h,P3,540,870,490,633.33 ,,,,,,,,,,,
1404,15,h,P4,540,870,780,730.00 ,,,,,,,,,,,
1405,15,h,P5,11130,11290,12120,11513.33 ,,,,,,,,,,,
1406,15,h,P6,780,620,990,796.67 ,,,,,,,,,,,
1407,15,h,P7,160,180,310,216.67 ,,,,,,,,,,,
1408,15,h,P8,170,140,320,210.00 ,,,,,,,,,,,
1409,15,i,P1,20,20,50,30.00 ,,,,,,,,,,,
1410,15,i,P2,310,380,230,306.67 ,,,,,,,,,,,
1411,15,i,P3,1300,1830,4180,2436.67 ,,,,,,,,,,,
1412,15,i,P4,3980,2260,1550,2596.67 ,,,,,,,,,,,
1413,15,i,P5,37290,39560,39450,38766.67 ,,,,,,,,,,,
1414,15,i,P6,980,880,600,820.00 ,,,,,,,,,,,
1415,15,i,P7,70,60,60,63.33 ,,,,,,,,,,,
1416,15,i,P8,60,90,90,80.00 ,,,,,,,,,,,
1417,15,j,P1,20,30,40,30.00 ,,,,,,,,,,,
1418,15,j,P2,50,50,60,53.33 ,,,,,,,,,,,
1419,15,j,P3,240,240,180,220.00 ,,,,,,,,,,,
1420,15,j,P4,1280,930,940,1050.00 ,,,,,,,,,,,
1421,15,j,P5,12160,12030,12840,12343.33 ,,,,,,,,,,,
1422,15,j,P6,180,250,300,243.33 ,,,,,,,,,,,
1423,15,j,P7,450,730,570,583.33 ,,,,,,,,,,,
1424,15,j,P8,40,40,50,43.33 ,,,,,,,,,,,
1425,15,k,P1,70,100,240,136.67 ,,,,,,,,,,,
1426,15,k,P2,30,50,260,113.33 ,,,,,,,,,,,
1427,15,k,P3,40,60,100,66.67 ,,,,,,,,,,,
1428,15,k,P4,80,50,50,60.00 ,,,,,,,,,,,
1429,15,k,P5,11870,11650,11770,11763.33 ,,,,,,,,,,,
1430,15,k,P6,930,1050,710,896.67 ,,,,,,,,,,,
1431,15,k,P7,260,320,180,253.33 ,,,,,,,,,,,
1432,15,k,P8,20,40,40,33.33 ,,,,,,,,,,,
1433,15,l,P1,240,250,320,270.00 ,,,,,,,,,,,
1434,15,l,P2,30,20,60,36.67 ,,,,,,,,,,,
1435,15,l,P3,100,110,90,100.00 ,,,,,,,,,,,
1436,15,l,P4,260,160,190,203.33 ,,,,,,,,,,,
1437,15,l,P5,9670,9700,9780,9716.67 ,,,,,,,,,,,
1438,15,l,P6,170,200,140,170.00 ,,,,,,,,,,,
1439,15,l,P7,160,170,200,176.67 ,,,,,,,,,,,
1440,15,l,P8,220,120,220,186.67 ,,,,,,,,,,,
1441,16,a,P1,380 ,210,540,376.67 ,,,,,,,,,,,
1442,16,a,P2,20 ,40,20,26.67 ,,,,,,,,,,,
1443,16,a,P3,130,40,40,70.00 ,,,,,,,,,,,
1444,16,a,P4,110,20,90,73.33 ,,,,,,,,,,,
1445,16,a,P5,460,340,330,376.67 ,,,,,,,,,,,
1446,16,a,P6,190,140,110,146.67 ,,,,,,,,,,,
1447,16,a,P7,220,170,210,200.00 ,,,,,,,,,,,
1448,16,a,P8,620,590,520,576.67 ,,,,,,,,,,,
1449,16,b,P1,70 ,20,20,36.67 ,,,,,,,,,,,
1450,16,b,P2,80 ,50,20,50.00 ,,,,,,,,,,,
1451,16,b,P3,150 ,110,180,146.67 ,,,,,,,,,,,
1452,16,b,P4,2780 ,2640,2250,2556.67 ,,,,,,,,,,,
1453,16,b,P5,9840 ,9430,9600,9623.33 ,,,,,,,,,,,
1454,16,b,P6,4530 ,4320,4050,4300.00 ,,,,,,,,,,,
1455,16,b,P7,490 ,470,420,460.00 ,,,,,,,,,,,
1456,16,b,P8,320 ,330,440,363.33 ,,,,,,,,,,,
1457,16,c,P1,340 ,220,290,283.33 ,,,,,,,,,,,
1458,16,c,P2,120 ,350,410,293.33 ,,,,,,,,,,,
1459,16,c,P3,180,390,1320,630.00 ,,,,,,,,,,,
1460,16,c,P4,3110,3040,3130,3093.33 ,,,,,,,,,,,
1461,16,c,P5,10800,10960,11870,11210.00 ,,,,,,,,,,,
1462,16,c,P6,1000,1170,1630,1266.67 ,,,,,,,,,,,
1463,16,c,P7,540,750,510,600.00 ,,,,,,,,,,,
1464,16,c,P8,260 ,190,220,11873.33 ,,,,,,,,,,,
1465,16,d,P1,230 ,250,370,283.33 ,,,,,,,,,,,
1466,16,d,P2,390 ,410,460,420.00 ,,,,,,,,,,,
1467,16,d,P3,760 ,780,890,810.00 ,,,,,,,,,,,
1468,16,d,P4,4160 ,4330,4290,4260.00 ,,,,,,,,,,,
1469,16,d,P5,11860,11730,12030,11873.33 ,,,,,,,,,,,
1470,16,d,P6,1960 ,1870,1860,1896.67 ,,,,,,,,,,,
1471,16,d,P7,480 ,420,560,486.67 ,,,,,,,,,,,
1472,16,d,P8,230 ,270,190,230.00 ,,,,,,,,,,,
1473,16,e,P1,400 ,390,570,453.33 ,,,,,,,,,,,
1474,16,e,P2,480 ,460,470,470.00 ,,,,,,,,,,,
1475,16,e,P3,5240 ,5460,5330,5343.33 ,,,,,,,,,,,
1476,16,e,P4,13840 ,13680,13370,13630.00 ,,,,,,,,,,,
1477,16,e,P5,28940 ,28730,28650,28773.33 ,,,,,,,,,,,
1478,16,e,P6,4730 ,4920,4800,4816.67 ,,,,,,,,,,,
1479,16,e,P7,1080 ,1120,1230,1143.33 ,,,,,,,,,,,
1480,16,e,P8,340 ,250,460,350.00 ,,,,,,,,,,,
1481,16,f,P1,660 ,730,710,700.00 ,,,,,,,,,,,
1482,16,f,P2,940 ,780,830,850.00 ,,,,,,,,,,,
1483,16,f,P3,2830 ,2960,2710,2833.33 ,,,,,,,,,,,
1484,16,f,P4,16510 ,17230,16440,16726.67 ,,,,,,,,,,,
1485,16,f,P5,30240 ,31670,29240,30383.33 ,,,,,,,,,,,
1486,16,f,P6,4780 ,4690,4310,4593.33 ,,,,,,,,,,,
1487,16,f,P7,2740 ,2840,2890,2823.33 ,,,,,,,,,,,
1488,16,f,P8,870 ,760,730,786.67 ,,,,,,,,,,,
1489,16,g,P1,890,1720,2090,1566.67 ,,,,,,,,,,,
1490,16,g,P2,210,200,490,300.00 ,,,,,,,,,,,
1491,16,g,P3,4640,7570,6740,6316.67 ,,,,,,,,,,,
1492,16,g,P4,10440,6130,6510,7693.33 ,,,,,,,,,,,
1493,16,g,P5,38200,36430,31990,35540.00 ,,,,,,,,,,,
1494,16,g,P6,6100,6760,7320,6726.67 ,,,,,,,,,,,
1495,16,g,P7,6680,6390,6460,6510.00 ,,,,,,,,,,,
1496,16,g,P8,7940,6870,6580,7130.00 ,,,,,,,,,,,
1497,16,h,P1,1720,1430,1510,1553.33 ,,,,,,,,,,,
1498,16,h,P2,8080,7900,9110,8363.33 ,,,,,,,,,,,
1499,16,h,P3,26140,16630,13210,18660.00 ,,,,,,,,,,,
1500,16,h,P4,51400,60470,52640,54836.67 ,,,,,,,,,,,
1501,16,h,P5,92800,89900,81600,88100.00 ,,,,,,,,,,,
1502,16,h,P6,32090,41400,41370,38286.67 ,,,,,,,,,,,
1503,16,h,P7,2160,2270,1850,2093.33 ,,,,,,,,,,,
1504,16,h,P8,2830,3310,3610,3250.00 ,,,,,,,,,,,
1505,16,i,P1,3340,3470,3330,3380.00 ,,,,,,,,,,,
1506,16,i,P2,7200,7930,7140,7423.33 ,,,,,,,,,,,
1507,16,i,P3,13640,15280,15690,14870.00 ,,,,,,,,,,,
1508,16,i,P4,63200,75000,72700,70300.00 ,,,,,,,,,,,
1509,16,i,P5,158450,165750,147340,157180.00 ,,,,,,,,,,,
1510,16,i,P6,70300,75310,78160,74590.00 ,,,,,,,,,,,
1511,16,i,P7,41960,32820,41070,38616.67 ,,,,,,,,,,,
1512,16,i,P8,9320,11200,10170,10230.00 ,,,,,,,,,,,
1513,16,j,P1,310,580,420,436.67 ,,,,,,,,,,,
1514,16,j,P2,1110,1140,1210,1153.33 ,,,,,,,,,,,
1515,16,j,P3,14160,15240,17170,15523.33 ,,,,,,,,,,,
1516,16,j,P4,41040,38030,45490,41520.00 ,,,,,,,,,,,
1517,16,j,P5,71540,64920,69420,68626.67 ,,,,,,,,,,,
1518,16,j,P6,38500,38630,38700,38610.00 ,,,,,,,,,,,
1519,16,j,P7,28760 ,29540,25430,27910.00 ,,,,,,,,,,,
1520,16,j,P8,5430 ,5210,6040,5560.00 ,,,,,,,,,,,
1521,16,k,P1,160,130,50,113.33 ,,,,,,,,,,,
1522,16,k,P2,2060,1610,1750,1806.67 ,,,,,,,,,,,
1523,16,k,P3,1010,1310,950,1090.00 ,,,,,,,,,,,
1524,16,k,P4,59190,53960,43800,52316.67 ,,,,,,,,,,,
1525,16,k,P5,66940,68570,70480,68663.33 ,,,,,,,,,,,
1526,16,k,P6,22350,16970,16300,18540.00 ,,,,,,,,,,,
1527,16,k,P7,9700 ,9820,9710,9743.33 ,,,,,,,,,,,
1528,16,k,P8,2980 ,3650,3140,3256.67 ,,,,,,,,,,,
1529,16,l,P1,290 ,340,360,330.00 ,,,,,,,,,,,
1530,16,l,P2,490 ,670,780,646.67 ,,,,,,,,,,,
1531,16,l,P3,2390 ,2210,2400,2333.33 ,,,,,,,,,,,
1532,16,l,P4,17890 ,21400,20930,20073.33 ,,,,,,,,,,,
1533,16,l,P5,43870 ,42260,43160,43096.67 ,,,,,,,,,,,
1534,16,l,P6,23890 ,21470,22650,22670.00 ,,,,,,,,,,,
1535,16,l,P7,9320 ,9170,8740,9076.67 ,,,,,,,,,,,
1536,16,l,P8,3860 ,3750,3920,3843.33 ,,,,,,,,,,,
1537,17,a,P1,60 ,50,70,60.00 ,,,,,,,,,,,
1538,17,a,P2,240 ,560,900,566.67 ,,,,,,,,,,,
1539,17,a,P3,850,610,1130,863.33 ,,,,,,,,,,,
1540,17,a,P4,1090,1080,1120,1096.67 ,,,,,,,,,,,
1541,17,a,P5,3530,3830,4040,3800.00 ,,,,,,,,,,,
1542,17,a,P6,2110,1870,2700,2226.67 ,,,,,,,,,,,
1543,17,a,P7,3480 ,3320,3670,3490.00 ,,,,,,,,,,,
1544,17,a,P8,3810 ,3540,3720,3690.00 ,,,,,,,,,,,
1545,17,b,P1,90 ,140,210,146.67 ,,,,,,,,,,,
1546,17,b,P2,120 ,370,210,233.33 ,,,,,,,,,,,
1547,17,b,P3,1360 ,1580,1490,1476.67 ,,,,,,,,,,,
1548,17,b,P4,2760 ,2840,2710,2770.00 ,,,,,,,,,,,
1549,17,b,P5,6640 ,6290,6730,6553.33 ,,,,,,,,,,,
1550,17,b,P6,5430 ,5120,5230,5260.00 ,,,,,,,,,,,
1551,17,b,P7,3260 ,3570,3350,3393.33 ,,,,,,,,,,,
1552,17,b,P8,880 ,760,930,856.67 ,,,,,,,,,,,
1553,17,c,P1,60 ,130,170,120.00 ,,,,,,,,,,,
1554,17,c,P2,360 ,540,240,380.00 ,,,,,,,,,,,
1555,17,c,P3,3100 ,3640,3280,3340.00 ,,,,,,,,,,,
1556,17,c,P4,7430 ,7210,7380,7340.00 ,,,,,,,,,,,
1557,17,c,P5,8900 ,8450,8760,8703.33 ,,,,,,,,,,,
1558,17,c,P6,2430 ,2100,2360,2296.67 ,,,,,,,,,,,
1559,17,c,P7,820 ,830,720,790.00 ,,,,,,,,,,,
1560,17,c,P8,320 ,270,330,306.67 ,,,,,,,,,,,
1561,17,d,P1,80 ,90,120,96.67 ,,,,,,,,,,,
1562,17,d,P2,430 ,450,510,463.33 ,,,,,,,,,,,
1563,17,d,P3,4320 ,4180,4920,4473.33 ,,,,,,,,,,,
1564,17,d,P4,6230 ,6110,6350,6230.00 ,,,,,,,,,,,
1565,17,d,P5,10130 ,12490,11340,11320.00 ,,,,,,,,,,,
1566,17,d,P6,3720 ,3510,3640,3623.33 ,,,,,,,,,,,
1567,17,d,P7,580 ,610,630,606.67 ,,,,,,,,,,,
1568,17,d,P8,270 ,360,480,370.00 ,,,,,,,,,,,
1569,17,e,P1,240 ,240,210,230.00 ,,,,,,,,,,,
1570,17,e,P2,690 ,630,570,630.00 ,,,,,,,,,,,
1571,17,e,P3,5230 ,5380,5450,5353.33 ,,,,,,,,,,,
1572,17,e,P4,9670 ,9320,9450,9480.00 ,,,,,,,,,,,
1573,17,e,P5,14680 ,13320,13320,13773.33 ,,,,,,,,,,,
1574,17,e,P6,3780 ,3450,3320,3516.67 ,,,,,,,,,,,
1575,17,e,P7,2180 ,2370,2110,2220.00 ,,,,,,,,,,,
1576,17,e,P8,360 ,470,330,386.67 ,,,,,,,,,,,
1577,17,f,P1,220 ,470,670,453.33 ,,,,,,,,,,,
1578,17,f,P2,1380 ,1770,1530,1560.00 ,,,,,,,,,,,
1579,17,f,P3,6320 ,6740,6590,6550.00 ,,,,,,,,,,,
1580,17,f,P4,12460 ,11540,11480,11826.67 ,,,,,,,,,,,
1581,17,f,P5,18470 ,19200,18830,18833.33 ,,,,,,,,,,,
1582,17,f,P6,5230 ,5380,5210,5273.33 ,,,,,,,,,,,
1583,17,f,P7,3070 ,2940,3360,3123.33 ,,,,,,,,,,,
1584,17,f,P8,380 ,450,510,446.67 ,,,,,,,,,,,
1585,17,g,P1,490 ,450,600,513.33 ,,,,,,,,,,,
1586,17,g,P2,780 ,510,480,590.00 ,,,,,,,,,,,
1587,17,g,P3,7630 ,8480,7910,8006.67 ,,,,,,,,,,,
1588,17,g,P4,18750 ,16740,17530,17673.33 ,,,,,,,,,,,
1589,17,g,P5,25660,27180,29190,27343.33 ,,,,,,,,,,,
1590,17,g,P6,6490 ,6320,6180,6330.00 ,,,,,,,,,,,
1591,17,g,P7,4320 ,4160,4280,4253.33 ,,,,,,,,,,,
1592,17,g,P8,330 ,380,360,356.67 ,,,,,,,,,,,
1593,17,h,P1,1630 ,1720,1840,1730.00 ,,,,,,,,,,,
1594,17,h,P2,5320 ,4780,4930,5010.00 ,,,,,,,,,,,
1595,17,h,P3,9840 ,9930,10040,9936.67 ,,,,,,,,,,,
1596,17,h,P4,24250 ,22330,23670,23416.67 ,,,,,,,,,,,
1597,17,h,P5,35280 ,33460,33620,34120.00 ,,,,,,,,,,,
1598,17,h,P6,7610 ,7520,7310,7480.00 ,,,,,,,,,,,
1599,17,h,P7,4640 ,4320,4170,4376.67 ,,,,,,,,,,,
1600,17,h,P8,760 ,670,820,750.00 ,,,,,,,,,,,
1601,17,i,P1,1580,2340,1520,1813.33 ,,,,,,,,,,,
1602,17,i,P2,7420,6740,7420,7193.33 ,,,,,,,,,,,
1603,17,i,P3,11730,11920,11140,11596.67 ,,,,,,,,,,,
1604,17,i,P4,45170,51440,43090,46566.67 ,,,,,,,,,,,
1605,17,i,P5,102200,94980,101490,99556.67 ,,,,,,,,,,,
1606,17,i,P6,31780,32900,32550,32410.00 ,,,,,,,,,,,
1607,17,i,P7,2130,3490,3280,2966.67 ,,,,,,,,,,,
1608,17,i,P8,1150,1130,1190,1156.67 ,,,,,,,,,,,
1609,17,j,P1,2270 ,2120,2080,2156.67 ,,,,,,,,,,,
1610,17,j,P2,2140 ,2160,2190,2163.33 ,,,,,,,,,,,
1611,17,j,P3,3280,3300,3530,3370.00 ,,,,,,,,,,,
1612,17,j,P4,25630 ,25750,25810,25730.00 ,,,,,,,,,,,
1613,17,j,P5,63850,63110,64800,63920.00 ,,,,,,,,,,,
1614,17,j,P6,14330 ,14240,14290,14286.67 ,,,,,,,,,,,
1615,17,j,P7,1230 ,1170,1190,1196.67 ,,,,,,,,,,,
1616,17,j,P8,540 ,580,630,583.33 ,,,,,,,,,,,
1617,17,k,P1,890 ,1040,1230,1053.33 ,,,,,,,,,,,
1618,17,k,P2,2430 ,2850,2510,2596.67 ,,,,,,,,,,,
1619,17,k,P3,1720 ,1860,1460,1680.00 ,,,,,,,,,,,
1620,17,k,P4,3620 ,4780,3930,4110.00 ,,,,,,,,,,,
1621,17,k,P5,59320 ,51240,54740,55100.00 ,,,,,,,,,,,
1622,17,k,P6,10060 ,11040,11250,10783.33 ,,,,,,,,,,,
1623,17,k,P7,8400 ,6920,7320,7546.67 ,,,,,,,,,,,
1624,17,k,P8,2530 ,2430,2840,2600.00 ,,,,,,,,,,,
1625,17,l,P1,540 ,660,570,590.00 ,,,,,,,,,,,
1626,17,l,P2,1370 ,1280,1340,1330.00 ,,,,,,,,,,,
1627,17,l,P3,5810 ,5920,5870,5866.67 ,,,,,,,,,,,
1628,17,l,P4,18930 ,17420,19040,18463.33 ,,,,,,,,,,,
1629,17,l,P5,37620 ,38140,36720,37493.33 ,,,,,,,,,,,
1630,17,l,P6,9480 ,9310,9270,9353.33 ,,,,,,,,,,,
1631,17,l,P7,4220 ,4370,4450,4346.67 ,,,,,,,,,,,
1632,17,l,P8,1520 ,1470,1310,1433.33 ,,,,,,,,,,,
1633,18,a,P1,30 ,0,30,20.00 ,,,,,,,,,,,
1634,18,a,P2,0 ,50,20,23.33 ,,,,,,,,,,,
1635,18,a,P3,50 ,60,120,76.67 ,,,,,,,,,,,
1636,18,a,P4,140 ,110,70,106.67 ,,,,,,,,,,,
1637,18,a,P5,1080 ,1460,1520,1353.33 ,,,,,,,,,,,
1638,18,a,P6,1060 ,1140,980,1060.00 ,,,,,,,,,,,
1639,18,a,P7,1580 ,1660,1920,1720.00 ,,,,,,,,,,,
1640,18,a,P8,1430 ,1320,1680,1476.67 ,,,,,,,,,,,
1641,18,b,P1,50 ,0,0,16.67 ,,,,,,,,,,,
1642,18,b,P2,50 ,30,50,43.33 ,,,,,,,,,,,
1643,18,b,P3,0 ,20,90,36.67 ,,,,,,,,,,,
1644,18,b,P4,120 ,150,270,180.00 ,,,,,,,,,,,
1645,18,b,P5,940 ,1230,1350,1173.33 ,,,,,,,,,,,
1646,18,b,P6,1080 ,870,1460,1136.67 ,,,,,,,,,,,
1647,18,b,P7,960 ,880,710,850.00 ,,,,,,,,,,,
1648,18,b,P8,560 ,590,560,570.00 ,,,,,,,,,,,
1649,18,c,P1,50 ,30,0,26.67 ,,,,,,,,,,,
1650,18,c,P2,0 ,40,50,30.00 ,,,,,,,,,,,
1651,18,c,P3,30 ,20,70,40.00 ,,,,,,,,,,,
1652,18,c,P4,50 ,40,50,46.67 ,,,,,,,,,,,
1653,18,c,P5,1270 ,1530,1230,1343.33 ,,,,,,,,,,,
1654,18,c,P6,0 ,60,90,50.00 ,,,,,,,,,,,
1655,18,c,P7,70 ,50,90,70.00 ,,,,,,,,,,,
1656,18,c,P8,30 ,50,40,40.00 ,,,,,,,,,,,
1657,18,d,P1,40 ,70,40,50.00 ,,,,,,,,,,,
1658,18,d,P2,30 ,60,50,46.67 ,,,,,,,,,,,
1659,18,d,P3,50 ,20,60,43.33 ,,,,,,,,,,,
1660,18,d,P4,550 ,650,660,620.00 ,,,,,,,,,,,
1661,18,d,P5,1170 ,1180,1120,1156.67 ,,,,,,,,,,,
1662,18,d,P6,960 ,940,920,940.00 ,,,,,,,,,,,
1663,18,d,P7,210 ,210,150,190.00 ,,,,,,,,,,,
1664,18,d,P8,40 ,50,30,40.00 ,,,,,,,,,,,
1665,18,e,P1,80 ,110,120,103.33 ,,,,,,,,,,,
1666,18,e,P2,60 ,70,230,120.00 ,,,,,,,,,,,
1667,18,e,P3,240 ,350,370,320.00 ,,,,,,,,,,,
1668,18,e,P4,680 ,790,850,773.33 ,,,,,,,,,,,
1669,18,e,P5,2440 ,1920,1960,2106.67 ,,,,,,,,,,,
1670,18,e,P6,1860 ,1930,1580,1790.00 ,,,,,,,,,,,
1671,18,e,P7,1230 ,1470,1360,1353.33 ,,,,,,,,,,,
1672,18,e,P8,1160 ,1320,1080,1186.67 ,,,,,,,,,,,
1673,18,f,P1,80 ,120,190,130.00 ,,,,,,,,,,,
1674,18,f,P2,60 ,110,130,100.00 ,,,,,,,,,,,
1675,18,f,P3,460 ,230,380,356.67 ,,,,,,,,,,,
1676,18,f,P4,850 ,670,660,726.67 ,,,,,,,,,,,
1677,18,f,P5,8560 ,8590,9070,8740.00 ,,,,,,,,,,,
1678,18,f,P6,1250 ,1360,1450,1353.33 ,,,,,,,,,,,
1679,18,f,P7,230 ,260,390,293.33 ,,,,,,,,,,,
1680,18,f,P8,80 ,150,130,120.00 ,,,,,,,,,,,
1681,18,g,P1,0 ,0,50,16.67 ,,,,,,,,,,,
1682,18,g,P2,840 ,920,800,853.33 ,,,,,,,,,,,
1683,18,g,P3,410,290,210,303.33 ,,,,,,,,,,,
1684,18,g,P4,610,450,510,523.33 ,,,,,,,,,,,
1685,18,g,P5,1620,1630,1860,1703.33 ,,,,,,,,,,,
1686,18,g,P6,1610,1770,1870,1750.00 ,,,,,,,,,,,
1687,18,g,P7,170,250,290,236.67 ,,,,,,,,,,,
1688,18,g,P8,820,710,750,760.00 ,,,,,,,,,,,
1689,18,h,P1,270,370,320,320.00 ,,,,,,,,,,,
1690,18,h,P2,260,320,260,280.00 ,,,,,,,,,,,
1691,18,h,P3,1030 ,1850,1230,1370.00 ,,,,,,,,,,,
1692,18,h,P4,4750 ,4230,3980,4320.00 ,,,,,,,,,,,
1693,18,h,P5,9620 ,10760,8320,9566.67 ,,,,,,,,,,,
1694,18,h,P6,2630 ,2480,3230,2780.00 ,,,,,,,,,,,
1695,18,h,P7,1150 ,960,980,1030.00 ,,,,,,,,,,,
1696,18,h,P8,560 ,670,540,590.00 ,,,,,,,,,,,
1697,18,i,P1,240 ,360,390,330.00 ,,,,,,,,,,,
1698,18,i,P2,1080 ,1560,1770,1470.00 ,,,,,,,,,,,
1699,18,i,P3,10230 ,15740,16800,14256.67 ,,,,,,,,,,,
1700,18,i,P4,35410 ,32660,38970,35680.00 ,,,,,,,,,,,
1701,18,i,P5,65320 ,67810,69240,67456.67 ,,,,,,,,,,,
1702,18,i,P6,4230 ,4680,4170,4360.00 ,,,,,,,,,,,
1703,18,i,P7,240 ,340,280,286.67 ,,,,,,,,,,,
1704,18,i,P8,120 ,140,80,113.33 ,,,,,,,,,,,
1705,18,j,P1,60,340,170,190.00 ,,,,,,,,,,,
1706,18,j,P2,2540,2770,2030,2446.67 ,,,,,,,,,,,
1707,18,j,P3,1420,2520,2280,2073.33 ,,,,,,,,,,,
1708,18,j,P4,1960,1980,1570,1836.67 ,,,,,,,,,,,
1709,18,j,P5,23270,24660,25850,24593.33 ,,,,,,,,,,,
1710,18,j,P6,340,230,250,273.33 ,,,,,,,,,,,
1711,18,j,P7,300,350,200,283.33 ,,,,,,,,,,,
1712,18,j,P8,300,710,550,520.00 ,,,,,,,,,,,
1713,18,k,P1,710,890,870,823.33 ,,,,,,,,,,,
1714,18,k,P2,960,430,520,636.67 ,,,,,,,,,,,
1715,18,k,P3,2190,1480,1850,1840.00 ,,,,,,,,,,,
1716,18,k,P4,1910,1950,1840,1900.00 ,,,,,,,,,,,
1717,18,k,P5,8830,10010,11550,10130.00 ,,,,,,,,,,,
1718,18,k,P6,2200,770,620,1196.67 ,,,,,,,,,,,
1719,18,k,P7,2390,1790,1040,1740.00 ,,,,,,,,,,,
1720,18,k,P8,400,180,220,266.67 ,,,,,,,,,,,
1721,18,l,P1,270,370,480,373.33 ,,,,,,,,,,,
1722,18,l,P2,320,400,620,446.67 ,,,,,,,,,,,
1723,18,l,P3,220,1330,410,653.33 ,,,,,,,,,,,
1724,18,l,P4,660,250,150,353.33 ,,,,,,,,,,,
1725,18,l,P5,8970,7030,8140,8046.67 ,,,,,,,,,,,
1726,18,l,P6,2460,3270,3500,3076.67 ,,,,,,,,,,,
1727,18,l,P7,90,80,90,86.67 ,,,,,,,,,,,
1728,18,l,P8,840,790,910,846.67 ,,,,,,,,,,,
1729,19,a,P1,60 ,100,70,76.67 ,,,,,,,,,,,
1730,19,a,P2,30 ,30,20,26.67 ,,,,,,,,,,,
1731,19,a,P3,40,60,70,56.67 ,,,,,,,,,,,
1732,19,a,P4,150,70,20,80.00 ,,,,,,,,,,,
1733,19,a,P5,30,0,50,26.67 ,,,,,,,,,,,
1734,19,a,P6,20,20,20,20.00 ,,,,,,,,,,,
1735,19,a,P7,90,80,90,86.67 ,,,,,,,,,,,
1736,19,a,P8,20,20,30,23.33 ,,,,,,,,,,,
1737,19,b,P1,110 ,140,320,190.00 ,,,,,,,,,,,
1738,19,b,P2,30 ,40,50,40.00 ,,,,,,,,,,,
1739,19,b,P3,70,20,20,36.67 ,,,,,,,,,,,
1740,19,b,P4,20,50,0,23.33 ,,,,,,,,,,,
1741,19,b,P5,110,30,130,90.00 ,,,,,,,,,,,
1742,19,b,P6,120,100,390,203.33 ,,,,,,,,,,,
1743,19,b,P7,120,120,150,130.00 ,,,,,,,,,,,
1744,19,b,P8,70,60,70,66.67 ,,,,,,,,,,,
1745,19,c,P1,140 ,240,500,293.33 ,,,,,,,,,,,
1746,19,c,P2,90 ,0,20,36.67 ,,,,,,,,,,,
1747,19,c,P3,60 ,70,260,130.00 ,,,,,,,,,,,
1748,19,c,P4,60 ,40,170,90.00 ,,,,,,,,,,,
1749,19,c,P5,30 ,20,20,23.33 ,,,,,,,,,,,
1750,19,c,P6,200 ,310,330,280.00 ,,,,,,,,,,,
1751,19,c,P7,100 ,180,170,150.00 ,,,,,,,,,,,
1752,19,c,P8,310 ,420,410,380.00 ,,,,,,,,,,,
1753,19,d,P1,230 ,60,70,120.00 ,,,,,,,,,,,
1754,19,d,P2,700 ,260,40,333.33 ,,,,,,,,,,,
1755,19,d,P3,50 ,50,80,60.00 ,,,,,,,,,,,
1756,19,d,P4,50 ,50,70,56.67 ,,,,,,,,,,,
1757,19,d,P5,50 ,80,50,60.00 ,,,,,,,,,,,
1758,19,d,P6,60 ,50,70,60.00 ,,,,,,,,,,,
1759,19,d,P7,110 ,180,90,126.67 ,,,,,,,,,,,
1760,19,d,P8,130 ,200,110,146.67 ,,,,,,,,,,,
1761,19,e,P1,860 ,860,970,896.67 ,,,,,,,,,,,
1762,19,e,P2,110 ,0,30,46.67 ,,,,,,,,,,,
1763,19,e,P3,20 ,30,90,46.67 ,,,,,,,,,,,
1764,19,e,P4,390,530,710,543.33 ,,,,,,,,,,,
1765,19,e,P5,1280,1540,1560,1460.00 ,,,,,,,,,,,
1766,19,e,P6,980,800,620,800.00 ,,,,,,,,,,,
1767,19,e,P7,450,260,320,343.33 ,,,,,,,,,,,
1768,19,e,P8,280,290,390,320.00 ,,,,,,,,,,,
1769,19,f,P1,1420 ,1500,1550,1490.00 ,,,,,,,,,,,
1770,19,f,P2,110 ,60,90,86.67 ,,,,,,,,,,,
1771,19,f,P3,280,540,1220,680.00 ,,,,,,,,,,,
1772,19,f,P4,430,650,1350,810.00 ,,,,,,,,,,,
1773,19,f,P5,1290,1230,1330,1283.33 ,,,,,,,,,,,
1774,19,f,P6,430,220,220,290.00 ,,,,,,,,,,,
1775,19,f,P7,710,530,700,646.67 ,,,,,,,,,,,
1776,19,f,P8,220,210,230,220.00 ,,,,,,,,,,,
1777,19,g,P1,1010 ,460,1230,900.00 ,,,,,,,,,,,
1778,19,g,P2,110 ,80,20,70.00 ,,,,,,,,,,,
1779,19,g,P3,250,200,180,210.00 ,,,,,,,,,,,
1780,19,g,P4,8510,9680,14640,10943.33 ,,,,,,,,,,,
1781,19,g,P5,1950,1640,1890,1826.67 ,,,,,,,,,,,
1782,19,g,P6,26070,29610,44910,33530.00 ,,,,,,,,,,,
1783,19,g,P7,12310,10570,14770,12550.00 ,,,,,,,,,,,
1784,19,g,P8,4670,5540,5830,5346.67 ,,,,,,,,,,,
1785,19,h,P1,70,240,120,143.33 ,,,,,,,,,,,
1786,19,h,P2,70,100,130,100.00 ,,,,,,,,,,,
1787,19,h,P3,1160,1600,1360,1373.33 ,,,,,,,,,,,
1788,19,h,P4,190,350,290,276.67 ,,,,,,,,,,,
1789,19,h,P5,2230,2610,2230,2356.67 ,,,,,,,,,,,
1790,19,h,P6,1970,1870,2700,2180.00 ,,,,,,,,,,,
1791,19,h,P7,210,250,250,236.67 ,,,,,,,,,,,
1792,19,h,P8,1390,1550,1050,1330.00 ,,,,,,,,,,,
1793,19,i,P1,1540,650,620,936.67 ,,,,,,,,,,,
1794,19,i,P2,50,80,170,100.00 ,,,,,,,,,,,
1795,19,i,P3,1110,1260,1360,1243.33 ,,,,,,,,,,,
1796,19,i,P4,1170,760,390,773.33 ,,,,,,,,,,,
1797,19,i,P5,5890,3880,5100,4956.67 ,,,,,,,,,,,
1798,19,i,P6,6400,8390,6320,7036.67 ,,,,,,,,,,,
1799,19,i,P7,1340,1080,2240,1553.33 ,,,,,,,,,,,
1800,19,i,P8,1370,1740,2010,1706.67 ,,,,,,,,,,,
1801,19,j,P1,1390,1330,2420,1713.33 ,,,,,,,,,,,
1802,19,j,P2,340,290,160,263.33 ,,,,,,,,,,,
1803,19,j,P3,260,210,310,260.00 ,,,,,,,,,,,
1804,19,j,P4,90,80,100,90.00 ,,,,,,,,,,,
1805,19,j,P5,3390,3340,3270,3333.33 ,,,,,,,,,,,
1806,19,j,P6,230,200,200,210.00 ,,,,,,,,,,,
1807,19,j,P7,110,60,110,93.33 ,,,,,,,,,,,
1808,19,j,P8,110,70,140,106.67 ,,,,,,,,,,,
1809,19,k,P1,160,150,210,173.33 ,,,,,,,,,,,
1810,19,k,P2,380,480,530,463.33 ,,,,,,,,,,,
1811,19,k,P3,400,370,890,553.33 ,,,,,,,,,,,
1812,19,k,P4,200,420,760,460.00 ,,,,,,,,,,,
1813,19,k,P5,2290,2420,2990,2566.67 ,,,,,,,,,,,
1814,19,k,P6,300,310,330,313.33 ,,,,,,,,,,,
1815,19,k,P7,180,290,550,340.00 ,,,,,,,,,,,
1816,19,k,P8,300,430,390,373.33 ,,,,,,,,,,,
1817,19,l,P1,130,420,180,243.33 ,,,,,,,,,,,
1818,19,l,P2,640,420,350,470.00 ,,,,,,,,,,,
1819,19,l,P3,990,1190,1260,1146.67 ,,,,,,,,,,,
1820,19,l,P4,670,950,1240,953.33 ,,,,,,,,,,,
1821,19,l,P5,1830,1980,1950,1920.00 ,,,,,,,,,,,
1822,19,l,P6,250,210,160,206.67 ,,,,,,,,,,,
1823,19,l,P7,320,380,380,360.00 ,,,,,,,,,,,
1824,19,l,P8,340,160,160,220.00 ,,,,,,,,,,,
1825,20,a,P1,140 ,110,150,133.33 ,,,,,,,,,,,
1826,20,a,P2,90 ,20,20,43.33 ,,,,,,,,,,,
1827,20,a,P3,650,260,530,480.00 ,,,,,,,,,,,
1828,20,a,P4,850,910,1260,1006.67 ,,,,,,,,,,,
1829,20,a,P5,240,190,150,193.33 ,,,,,,,,,,,
1830,20,a,P6,750,730,530,670.00 ,,,,,,,,,,,
1831,20,a,P7,170,150,170,163.33 ,,,,,,,,,,,
1832,20,a,P8,450,740,860,683.33 ,,,,,,,,,,,
1833,20,b,P1,220 ,50,40,103.33 ,,,,,,,,,,,
1834,20,b,P2,140 ,40,60,80.00 ,,,,,,,,,,,
1835,20,b,P3,430,450,460,446.67 ,,,,,,,,,,,
1836,20,b,P4,630,760,480,623.33 ,,,,,,,,,,,
1837,20,b,P5,490,380,420,430.00 ,,,,,,,,,,,
1838,20,b,P6,150,190,130,156.67 ,,,,,,,,,,,
1839,20,b,P7,960,920,930,936.67 ,,,,,,,,,,,
1840,20,b,P8,290,390,230,303.33 ,,,,,,,,,,,
1841,20,c,P1,200 ,60,100,120.00 ,,,,,,,,,,,
1842,20,c,P2,140 ,20,20,60.00 ,,,,,,,,,,,
1843,20,c,P3,690 ,720,910,773.33 ,,,,,,,,,,,
1844,20,c,P4,100 ,60,150,103.33 ,,,,,,,,,,,
1845,20,c,P5,100 ,100,240,146.67 ,,,,,,,,,,,
1846,20,c,P6,170 ,110,860,380.00 ,,,,,,,,,,,
1847,20,c,P7,120 ,180,330,210.00 ,,,,,,,,,,,
1848,20,c,P8,380 ,360,400,380.00 ,,,,,,,,,,,
1849,20,d,P1,660 ,760,710,710.00 ,,,,,,,,,,,
1850,20,d,P2,820 ,750,930,833.33 ,,,,,,,,,,,
1851,20,d,P3,480 ,280,260,340.00 ,,,,,,,,,,,
1852,20,d,P4,290 ,250,240,260.00 ,,,,,,,,,,,
1853,20,d,P5,990,960,920,956.67 ,,,,,,,,,,,
1854,20,d,P6,250,240,220,236.67 ,,,,,,,,,,,
1855,20,d,P7,300,280,470,350.00 ,,,,,,,,,,,
1856,20,d,P8,340,330,280,316.67 ,,,,,,,,,,,
1857,20,e,P1,50 ,110,130,96.67 ,,,,,,,,,,,
1858,20,e,P2,60 ,40,50,50.00 ,,,,,,,,,,,
1859,20,e,P3,700,780,850,776.67 ,,,,,,,,,,,
1860,20,e,P4,400,540,730,556.67 ,,,,,,,,,,,
1861,20,e,P5,3040,4540,2320,3300.00 ,,,,,,,,,,,
1862,20,e,P6,1800,2000,1650,1816.67 ,,,,,,,,,,,
1863,20,e,P7,220,200,280,233.33 ,,,,,,,,,,,
1864,20,e,P8,1100,330,290,573.33 ,,,,,,,,,,,
1865,20,f,P1,130 ,150,140,140.00 ,,,,,,,,,,,
1866,20,f,P2,180 ,130,60,123.33 ,,,,,,,,,,,
1867,20,f,P3,270,170,180,206.67 ,,,,,,,,,,,
1868,20,f,P4,1570,2350,3000,2306.67 ,,,,,,,,,,,
1869,20,f,P5,5370,4870,4210,4816.67 ,,,,,,,,,,,
1870,20,f,P6,4640,5870,5050,5186.67 ,,,,,,,,,,,
1871,20,f,P7,2150,2050,2150,2116.67 ,,,,,,,,,,,
1872,20,f,P8,150,200,210,186.67 ,,,,,,,,,,,
1873,20,g,P1,240 ,450,450,380.00 ,,,,,,,,,,,
1874,20,g,P2,50 ,130,70,83.33 ,,,,,,,,,,,
1875,20,g,P3,120,350,170,213.33 ,,,,,,,,,,,
1876,20,g,P4,550,3560,2910,2340.00 ,,,,,,,,,,,
1877,20,g,P5,730,960,1620,1103.33 ,,,,,,,,,,,
1878,20,g,P6,680,1260,1420,1120.00 ,,,,,,,,,,,
1879,20,g,P7,300,650,660,536.67 ,,,,,,,,,,,
1880,20,g,P8,360,180,240,260.00 ,,,,,,,,,,,
1881,20,h,P1,2270,1920,1810,2000.00 ,,,,,,,,,,,
1882,20,h,P2,6640,4270,4030,4980.00 ,,,,,,,,,,,
1883,20,h,P3,2550,2300,1990,2280.00 ,,,,,,,,,,,
1884,20,h,P4,1460,1740,1370,1523.33 ,,,,,,,,,,,
1885,20,h,P5,11760,11830,11220,11603.33 ,,,,,,,,,,,
1886,20,h,P6,1340,1680,1650,1556.67 ,,,,,,,,,,,
1887,20,h,P7,290,340,490,373.33 ,,,,,,,,,,,
1888,20,h,P8,230,220,540,330.00 ,,,,,,,,,,,
1889,20,i,P1,320,350,500,390.00 ,,,,,,,,,,,
1890,20,i,P2,9800,8870,10030,9566.67 ,,,,,,,,,,,
1891,20,i,P3,12520,14860,16890,14756.67 ,,,,,,,,,,,
1892,20,i,P4,45400,35800,45630,42276.67 ,,,,,,,,,,,
1893,20,i,P5,69390,66330,64580,66766.67 ,,,,,,,,,,,
1894,20,i,P6,32820,27800,29830,30150.00 ,,,,,,,,,,,
1895,20,i,P7,13470,10790,11690,11983.33 ,,,,,,,,,,,
1896,20,i,P8,23910,23820,23690,23806.67 ,,,,,,,,,,,
1897,20,j,P1,10360,12360,11340,11353.33 ,,,,,,,,,,,
1898,20,j,P2,13680,12680,12590,12983.33 ,,,,,,,,,,,
1899,20,j,P3,12870 ,13660,15780,14103.33 ,,,,,,,,,,,
1900,20,j,P4,14190,21570,27510,21090.00 ,,,,,,,,,,,
1901,20,j,P5,15450,15260,16690,15800.00 ,,,,,,,,,,,
1902,20,j,P6,1190,1650,1090,1310.00 ,,,,,,,,,,,
1903,20,j,P7,1080,1350,1420,1283.33 ,,,,,,,,,,,
1904,20,j,P8,50,50,30,43.33 ,,,,,,,,,,,
1905,20,k,P1,90,50,30,56.67 ,,,,,,,,,,,
1906,20,k,P2,80,60,30,56.67 ,,,,,,,,,,,
1907,20,k,P3,90,70,50,70.00 ,,,,,,,,,,,
1908,20,k,P4,60,20,50,43.33 ,,,,,,,,,,,
1909,20,k,P5,9350,9100,9390,9280.00 ,,,,,,,,,,,
1910,20,k,P6,450,250,360,353.33 ,,,,,,,,,,,
1911,20,k,P7,90,190,100,126.67 ,,,,,,,,,,,
1912,20,k,P8,60,50,70,60.00 ,,,,,,,,,,,
1913,20,l,P1,120,120,140,126.67 ,,,,,,,,,,,
1914,20,l,P2,610,870,760,746.67 ,,,,,,,,,,,
1915,20,l,P3,100,140,120,120.00 ,,,,,,,,,,,
1916,20,l,P4,430,940,740,703.33 ,,,,,,,,,,,
1917,20,l,P5,7120,6170,6160,6483.33 ,,,,,,,,,,,
1918,20,l,P6,160,130,110,133.33 ,,,,,,,,,,,
1919,20,l,P7,80,70,110,86.67 ,,,,,,,,,,,
1920,20,l,P8,120 ,80,150,116.67 ,,,,,,,,,,,
